Workbook

Sheet Октябр 2024
A1: Реализация | F1: Касса | I1: Баланс
A2: Число | B2: Модел | C2: Сони | D2: Нархи | E2: Сумма | F2: Число | G2: Сумма | I2: Остатка сумма Бозорда
A3: Остатка сумма олдинги | E3: ='Сентябр 2024'!I3 -> 22230000 | F3: 45566 | G3: =10800000+6250000 -> 17050000 | I3: =E199-G199 -> 74832000
A4: 45566 | B4: Тройка Болеро | C4: 96 | D4: 60000 | E4: =C4*D4 -> 5760000 | F4: 45567 | G4: =11000000+1800000 -> 12800000 | I4: курс | J4: 12750
B5: Тройка ромашка | C5: 126 | D5: 60000 | E5: =C5*D5 -> 7560000 | F5: 45568 | G5: 17920000 | H5: Разница | I5: =I3/J4 -> 5869.1765
A6: 45567 | B6: Тройка Болеро | C6: 58 | D6: 60000 | E6: =C6*D6 -> 3480000 | F6: 45569 | G6: 7700000 | I6: остатка товар. | J6: =ост.охири!F5 -> 35376000
B7: Тройка ромашка | C7: 44 | D7: 60000 | E7: =C7*D7 -> 2640000 | F7: 45570 | G7: 9200000
B8: Тройка Ўйинчоқ каш | C8: 84 | D8: 72000 | E8: =C8*D8 -> 6048000 | F8: 45571 | G8: =19250000+1500000 -> 20750000 | I8: Фарки | J8: =I3-J6 -> 39456000
B9: Нимча қиммати | C9: 74 | D9: 65000 | E9: =C9*D9 -> 4810000
B10: Тройка Мишка | C10: 92 | D10: 67000 | E10: =C10*D10 -> 6164000
A11: 45568 | B11: Тройка Ўйинчоқ каш | C11: 32 | D11: 72000 | E11: =C11*D11 -> 2304000 | I11: скидка
B12: Тройка ромашка | C12: 128 | D12: 60000 | E12: =C12*D12 -> 7680000
B13: Тройка Болеро | C13: 62 | D13: 60000 | E13: =C13*D13 -> 3720000
A14: 45569 | B14: Тройка Болеро | C14: 50 | D14: 60000 | E14: =C14*D14 -> 3000000
B15: Тройка Ўйинчоқ каш | C15: 18 | D15: 72000 | E15: =C15*D15 -> 1296000
B16: Тройка ромашка | C16: 62 | D16: 60000 | E16: =C16*D16 -> 3720000
B17: Тройка Ўйинчоқ каш | C17: 32 | D17: 72000 | E17: =C17*D17 -> 2304000
B18: Тройка Мишка | C18: 108 | D18: 67000 | E18: =C18*D18 -> 7236000
B19: Тройка ромашка | C19: 118 | D19: 60000 | E19: =C19*D19 -> 7080000
A20: 45571 | B20: Тройка Болеро | C20: 130 | D20: 60000 | E20: =C20*D20 -> 7800000
B21: Тройка Ўйинчоқ каш | C21: 72 | D21: 72000 | E21: =C21*D21 -> 5184000
B22: Тройка қуен кашмир | C22: 124 | D22: 75000 | E22: =C22*D22 -> 9300000
A23: 45573 | B23: Двойка мишка қуен | C23: 36 | D23: 63000 | E23: =C23*D23 -> 2268000
B24: Тройка Болеро | C24: 24 | D24: 60000 | E24: =C24*D24 -> 1440000
B25: Двойка капишон | C25: 32 | D25: 62000 | E25: =C25*D25 -> 1984000
B26: Ромашка Қалин | C26: 48 | D26: 65000 | E26: =C26*D26 -> 3120000
B27: Тройка қуен кашмир | C27: 50 | D27: 75000 | E27: =C27*D27 -> 3750000
A28: 45574 | B28: Ромашка Нимча | C28: 62 | D28: 75000 | E28: =C28*D28 -> 4650000
B29: Двойка мишка қуен | C29: 72 | D29: 63000 | E29: =C29*D29 -> 4536000
B30: Ромашка Қалин | C30: 96 | D30: 65000 | E30: =C30*D30 -> 6240000
A31: 45575 | B31: Ромашка Қалин | C31: 120 | D31: 65000 | E31: =C31*D31 -> 7800000
B32: Ромашка Нимча | C32: 16 | D32: 75000 | E32: =C32*D32 -> 1200000
B33: Двойка капишон | C33: 54 | D33: 62000 | E33: =C33*D33 -> 3348000
B34: Тройка ромашка | C34: 10 | D34: 60000 | E34: =C34*D34 -> 600000
E35: =C35*D35 -> 0
E36: =C36*D36 -> 0
E37: =C37*D37 -> 0
E38: =C38*D38 -> 0
E39: =C39*D39 -> 0
E40: =C40*D40 -> 0
E41: =C41*D41 -> 0
E42: =C42*D42 -> 0
E43: =C43*D43 -> 0
E44: =C44*D44 -> 0
E45: =C45*D45 -> 0
E46: =C46*D46 -> 0
... E146: =C146*D146 -> 0
E199: =SUM(E3:E198) -> 160252000 | G199: =SUM(G3:G198) -> 85420000

Sheet ост.охири
A2: Модел | B2: Сони | C2: Нархи | D2: Сумма
A3: Тройка қалин | B3: 4 | C3: 50000 | D3: =B3*C3 -> 200000 | E3: об.берилган | F3: ='Май 2024'!I3 -> 54686000
A4: Нимча арзони | B4: 3 | C4: 62000 | D4: =B4*C4 -> 186000
A5: Адидас | B5: 18 | C5: 30000 | D5: =B5*C5 -> 540000 | E5: об.остатка | F5: =D39 -> 35376000
A6: Тройка динозавр | B6: 48 | C6: 50000 | D6: =B6*C6 -> 2400000
A7: Бухоро вил нимча | B7: 12 | C7: 57000 | D7: =B7*C7 -> 684000
A8: Тройка ромбик | B8: 2 | C8: 56000 | D8: =B8*C8 -> 112000 | E8: разница | F8: =F3-F5 -> 19310000
A9: Беар комплект | B9: 38 | C9: 41000 | D9: =B9*C9 -> 1558000
A10: Тройка микки | B10: 10 | C10: 52000 | D10: =B10*C10 -> 520000
A11: Тройка айиқ | B11: 8 | C11: 55000 | D11: =B11*C11 -> 440000
A12: Қиз гул | B12: 56 | C12: 44000 | D12: =B12*C12 -> 2464000
A13: Тройка Ўйинчоқ кашмир | B13: 30 | C13: 72000 | D13: =B13*C13 -> 2160000
A14: Тройка Ромашка болеро | B14: 96 | C14: 60000 | D14: =B14*C14 -> 5760000
A15: Двойка микки | B15: 36 | C15: 42000 | D15: =B15*C15 -> 1512000
A16: Ўйинчоқ | B16: 2 | C16: 45000 | D16: =B16*C16 -> 90000
A17: Тоника ободог | B17: 70 | C17: 37000 | D17: =B17*C17 -> 2590000
A18: Полестр | B18: 4 | C18: 40000 | D18: =B18*C18 -> 160000
A19: Двойка виливет | B19: 82 | C19: 40000 | D19: =B19*C19 -> 3280000
A20: Тройка мишка | B20: 110 | C20: 67000 | D20: =B20*C20 -> 7370000
A21: Нимча қиммати | B21: 10 | C21: 65000 | D21: =B21*C21 -> 650000
A22: Тройка қуен кашмир | B22: =16+20 -> 36 | C22: 75000 | D22: =B22*C22 -> 2700000
D23: =B23*C23 -> 0
D24: =B24*C24 -> 0
D25: =B25*C25 -> 0
D26: =B26*C26 -> 0
D27: =B27*C27 -> 0
D28: =B28*C28 -> 0
D29: =B29*C29 -> 0
A30: Қарздорлар
A31: Самара
A32: Илхом
A33: Муқаддас опа
A34: зафар
A35: Муқбира
A36: Бобур
A37: Улуғбек
A38: доначи
D39: =SUM(D3:D38) -> 35376000
D206: 41415000

Sheet Сентябр 2024
A1: Реализация | F1: Касса | I1: Баланс
A2: Число | B2: Модел | C2: Сони | D2: Нархи | E2: Сумма | F2: Число | G2: Сумма | I2: Остатка сумма Бозорда
A3: Остатка сумма олдинги | E3: ='Июл 2024'!I3 -> 28637000 | F3: 45536 | G3: 5300000 | I3: =E199-G199 -> 22230000
A4: 45536 | B4: Тройка ромашка | C4: 88 | D4: 60000 | E4: =C4*D4 -> 5280000 | F4: 45538 | G4: =4432000+1270000+1300000+7600000 -> 14602000 | I4: курс | J4: 12750
A5: 45538 | B5: Тройка ромашка | C5: 82 | D5: 60000 | E5: =C5*D5 -> 4920000 | F5: 45538 | G5: 536000 | H5: Разница | I5: =I3/J4 -> 1743.5294
B6: Нимча қиммати | C6: 86 | D6: 65000 | E6: =C6*D6 -> 5590000 | F6: 45539 | G6: =6720000+9100000 -> 15820000 | I6: остатка товар. | J6: =ост.охири!F5 -> 35376000
B7: Нимча плашевка | C7: 34 | D7: 62000 | E7: =C7*D7 -> 2108000 | F7: 45540 | G7: 12650000
A8: 45539 | B8: Нимча қиммати | C8: 60 | D8: 65000 | E8: =C8*D8 -> 3900000 | F8: 45541 | G8: 17825000 | I8: Фарки | J8: =I3-J6 -> -13146000
B9: Нимча плашевка | C9: 14 | D9: 62000 | E9: =C9*D9 -> 868000 | F9: 45542 | G9: 16000000
B10: Тройка ромашка | C10: 120 | D10: 60000 | E10: =C10*D10 -> 7200000 | F10: 45543 | G10: 12420000
A11: 45540 | B11: Нимча қиммати | C11: 68 | D11: 65000 | E11: =C11*D11 -> 4420000 | F11: 45545 | G11: 13175000 | I11: скидка
B12: Тройка ромашка | C12: 82 | D12: 60000 | E12: =C12*D12 -> 4920000 | F12: 45546 | G12: 14350000
B13: Микки двойка | C13: 50 | D13: 42000 | E13: =C13*D13 -> 2100000 | F13: 45547 | G13: 10960000
A14: 45541 | B14: Тройка ромашка | C14: 124 | D14: 60000 | E14: =C14*D14 -> 7440000 | F14: 45548 | G14: =190000+11350000 -> 11540000
B15: Нимча қиммати | C15: 68 | D15: 65000 | E15: =C15*D15 -> 4420000 | F15: 45549 | G15: 16350000
B16: Остаткалар | C16: =34*40000+8*50000+24*40000+24*50000+12*40000+14*40000+10*45000+6*40000+6*41000+2*50000+2*40000 -> 6076000 | D16: 1 | E16: =C16*D16 -> 6076000 | F16: 45550 | G16: 15085000
A17: 45542 | B17: Тройка ромашка | C17: 120 | D17: 60000 | E17: =C17*D17 -> 7200000 | F17: 45552 | G17: =9800000+200000 -> 10000000
A18: 45543 | B18: Тройка ромашка | C18: 80 | D18: 60000 | E18: =C18*D18 -> 4800000 | F18: 45553 | G18: 10120000
B19: Нимча плашевка | C19: 110 | D19: 62000 | E19: =C19*D19 -> 6820000 | F19: 45554 | G19: 12455000
B20: Нимча қиммати | C20: 112 | D20: 65000 | E20: =C20*D20 -> 7280000 | F20: 45555 | G20: 11720000
A21: 45545 | B21: Тройка ромашка | C21: 74 | D21: 60000 | E21: =C21*D21 -> 4440000 | F21: 45556 | G21: 9760000
B22: Нимча қиммати | C22: 84 | D22: 65000 | E22: =C22*D22 -> 5460000 | F22: 45557 | G22: 14207000
B23: Нимча плашевка | C23: 14 | D23: 62000 | E23: =C23*D23 -> 868000 | F23: 45559 | G23: 21000000
A24: 45546 | B24: Нимча қиммати | C24: 54 | D24: 65000 | E24: =C24*D24 -> 3510000 | F24: 45560 | G24: 12500000
B25: Нимча плашевка | C25: 52 | D25: 62000 | E25: =C25*D25 -> 3224000 | F25: 45561 | G25: 20450000
B26: Тройка ромашка | C26: 110 | D26: 60000 | E26: =C26*D26 -> 6600000 | F26: 45562 | G26: 11360000
A27: 45547 | B27: Микки двойка | C27: 72 | D27: 42000 | E27: =C27*D27 -> 3024000 | F27: 45563 | G27: 7350000
B28: Нимча қиммати | C28: 80 | D28: 65000 | E28: =C28*D28 -> 5200000 | F28: 45564 | G28: 17640000
B29: Тройка ромашка | C29: 74 | D29: 60000 | E29: =C29*D29 -> 4440000
A30: 45548 | B30: Нимча қиммати | C30: 50 | D30: 65000 | E30: =C30*D30 -> 3250000
B31: Тройка ромашка | C31: 150 | D31: 60000 | E31: =C31*D31 -> 9000000
A32: 45549 | B32: Тройка ромашка | C32: 106 | D32: 60000 | E32: =C32*D32 -> 6360000
B33: Нимча қиммати | C33: 92 | D33: 65000 | E33: =C33*D33 -> 5980000
A34: 45550 | B34: Нимча қиммати | C34: 58 | D34: 65000 | E34: =C34*D34 -> 3770000
B35: Тройка ромашка | C35: 252 | D35: 60000 | E35: =C35*D35 -> 15120000
A36: 45552 | B36: Тройка ромашка | C36: 128 | D36: 60000 | E36: =C36*D36 -> 7680000
B37: Нимча қиммати | C37: 44 | D37: 65000 | E37: =C37*D37 -> 2860000
A38: 45553 | B38: Тройка ромашка | C38: 190 | D38: 60000 | E38: =C38*D38 -> 11400000
A39: 45554 | B39: Тройка ромашка | C39: 192 | D39: 60000 | E39: =C39*D39 -> 11520000
A40: 45555 | B40: Нимча қиммати | C40: 90 | D40: 65000 | E40: =C40*D40 -> 5850000
B41: Тройка ромашка | C41: 152 | D41: 60000 | E41: =C41*D41 -> 9120000
A42: 45556 | B42: Тройка ромашка | C42: 158 | D42: 60000 | E42: =C42*D42 -> 9480000
A43: 45557 | B43: Тройка ромашка | C43: 120 | D43: 60000 | E43: =C43*D43 -> 7200000
B44: Тройка Ўйинчоқ каш | C44: 50 | D44: 72000 | E44: =C44*D44 -> 3600000
B45: Тройка Мишка | C45: 88 | D45: 67000 | E45: =C45*D45 -> 5896000
A46: 45559 | B46: Тройка Ўйинчоқ каш | C46: 76 | D46: 72000 | E46: =C46*D46 -> 5472000
B47: Тройка Болеро | C47: 108 | D47: 60000 | E47: =C47*D47 -> 6480000
B48: Тройка ромашка | C48: 80 | D48: 60000 | E48: =C48*D48 -> 4800000
A49: 45560 | B49: Тройка ромашка | C49: 180 | D49: 60000 | E49: =C49*D49 -> 10800000
A50: 45561 | B50: Тройка Ўйинчоқ каш | C50: 126 | D50: 72000 | E50: =C50*D50 -> 9072000
B51: Тройка ромашка | C51: 98 | D51: 60000 | E51: =C51*D51 -> 5880000
B52: Тройка Мишка | C52: 8 | D52: 67000 | E52: =C52*D52 -> 536000
B53: Тройка Болеро | C53: 40 | D53: 60000 | E53: =C53*D53 -> 2400000
A54: 45562 | B54: Тройка Ўйинчоқ каш | C54: 50 | D54: 72000 | E54: =C54*D54 -> 3600000
B55: Тройка ромашка | C55: 126 | D55: 60000 | E55: =C55*D55 -> 7560000
B56: Тройка Болеро | C56: 48 | D56: 60000 | E56: =C56*D56 -> 2880000
A57: 45563 | B57: Тройка ромашка | C57: 94 | D57: 60000 | E57: =C57*D57 -> 5640000
B58: Тройка Болеро | C58: 60 | D58: 60000 | E58: =C58*D58 -> 3600000
B59: Тройка Ўйинчоқ каш | C59: 30 | D59: 72000 | E59: =C59*D59 -> 2160000
A60: 45564 | B60: Тройка Ўйинчоқ каш | C60: 150 | D60: 72000 | E60: =C60*D60 -> 10800000
B61: Тройка ромашка | C61: 68 | D61: 60000 | E61: =C61*D61 -> 4080000
B62: Тройка Мишка | C62: 42 | D62: 67000 | E62: =C62*D62 -> 2814000
E63: =C63*D63 -> 0
E64: =C64*D64 -> 0
E65: =C65*D65 -> 0
E66: =C66*D66 -> 0
E67: =C67*D67 -> 0
E68: =C68*D68 -> 0
E69: =C69*D69 -> 0
E70: =C70*D70 -> 0
E71: =C71*D71 -> 0
E72: =C72*D72 -> 0
E73: =C73*D73 -> 0
E74: =C74*D74 -> 0
... E146: =C146*D146 -> 0
E199: =SUM(E3:E198) -> 357405000 | G199: =SUM(G3:G198) -> 335175000

Sheet Июл 2024
A1: Реализация | F1: Касса | I1: Баланс
A2: Число | B2: Модел | C2: Сони | D2: Нархи | E2: Сумма | F2: Число | G2: Сумма | I2: Остатка сумма Бозорда
A3: Остатка сумма олдинги | E3: ='Май 2024'!I3 -> 54686000 | F3: 45475 | G3: 9210000 | I3: =E199-G199 -> 28637000
A4: 45476 | B4: Бухоро | C4: 60 | D4: 47000 | E4: =C4*D4 -> 2820000 | F4: 45476 | G4: 3000000 | I4: курс | J4: 12750
A5: 45480 | B5: Двойка муслин | C5: 56 | D5: 40000 | E5: =C5*D5 -> 2240000 | F5: 45477 | G5: 7950000 | I5: =I3/J4 -> 2246.0392
B6: Горох | C6: 90 | D6: 40000 | E6: =C6*D6 -> 3600000 | F6: 45478 | G6: 2185000 | I6: остатка товар. | J6: =ост.охири!F5 -> 35376000
B7: Бухоро | C7: 80 | D7: 47000 | E7: =C7*D7 -> 3760000 | F7: 45480 | G7: 1810000
B8: Трусили | C8: 4 | D8: 40000 | E8: =C8*D8 -> 160000 | F8: 45482 | G8: 3850000 | I8: Фарки | J8: =I3-J6 -> -6739000
A9: 45482 | B9: Бухоро | C9: 80 | D9: 47000 | E9: =C9*D9 -> 3760000 | F9: 45483 | G9: 3450000
A10: 45484 | B10: Горох лямка | C10: 124 | D10: 40000 | E10: =C10*D10 -> 4960000 | F10: 45484 | G10: 10360000
A11: 45487 | B11: Қиз гул | C11: 120 | D11: 44000 | E11: =C11*D11 -> 5280000 | F11: 45485 | G11: 2250000 | I11: скидка
A12: 45489 | B12: Двойка микки | C12: 200 | D12: 42000 | E12: =C12*D12 -> 8400000 | F12: 45486 | G12: 700000
A13: 45490 | B13: Тройка микки | C13: 36 | D13: 52000 | E13: =C13*D13 -> 1872000 | F13: 45487 | G13: 4460000
A14: 45491 | B14: Тройка микки | C14: 162 | D14: 52000 | E14: =C14*D14 -> 8424000 | F14: 45489 | G14: 3400000
A15: 45492 | B15: Двойка микки | C15: 150 | D15: 42000 | E15: =C15*D15 -> 6300000 | F15: 45490 | G15: 12450000
B16: Тройка микки | C16: 24 | D16: 52000 | E16: =C16*D16 -> 1248000 | F16: 45491 | G16: 9700000
A17: 45493 | B17: Тройка микки | C17: 98 | D17: 52000 | E17: =C17*D17 -> 5096000 | F17: 45492 | G17: 3200000
B18: Двойка микки | C18: 48 | D18: 42000 | E18: =C18*D18 -> 2016000 | F18: 45493 | G18: 9050000
A19: 45494 | B19: Тройка микки | C19: 130 | D19: 52000 | E19: =C19*D19 -> 6760000 | F19: 45494 | G19: 12760000
B20: Двойка микки | C20: 106 | D20: 42000 | E20: =C20*D20 -> 4452000 | F20: 45496 | G20: 9550000
A21: 45496 | B21: Двойка микки | C21: 80 | D21: 42000 | E21: =C21*D21 -> 3360000 | F21: 45497 | G21: 7000000
B22: Тройка микки | C22: 74 | D22: 52000 | E22: =C22*D22 -> 3848000 | F22: 45498 | G22: 14900000
B23: Стар двойка | C23: 118 | D23: 45000 | E23: =C23*D23 -> 5310000 | F23: 45499 | G23: 8050000
B24: Юлдуз тройка | C24: 76 | D24: 55000 | E24: =C24*D24 -> 4180000 | F24: 45500 | G24: 5700000
A25: 45497 | B25: Двойка микки | C25: 196 | D25: 42000 | E25: =C25*D25 -> 8232000 | F25: 45501 | G25: 9740000
B26: Тройка қуен | C26: 18 | D26: 50000 | E26: =C26*D26 -> 900000 | F26: 45503 | G26: 8550000
B27: Воолд | C27: 30 | D27: 50000 | E27: =C27*D27 -> 1500000 | F27: 45504 | G27: 2350000
B28: Полоска айиқ | C28: 12 | D28: 40000 | E28: =C28*D28 -> 480000 | F28: 45505 | G28: 4800000
B29: Айиқ двойка | C29: 24 | D29: 40000 | E29: =C29*D29 -> 960000 | F29: 45506 | G29: 7900000
B30: Панда двойка полоска | C30: 90 | D30: 40000 | E30: =C30*D30 -> 3600000 | F30: 45507 | G30: 970000
A31: 45498 | B31: Тройка микки | C31: 128 | D31: 52000 | E31: =C31*D31 -> 6656000 | F31: Возврат | G31: 22721000 | H31: Ёзгила
B32: Двойка микки | C32: 42 | D32: 42000 | E32: =C32*D32 -> 1764000 | F32: 45508 | G32: 11680000
A33: 45499 | B33: Тройка микки | C33: 86 | D33: 52000 | E33: =C33*D33 -> 4472000 | F33: 45510 | G33: 4600000
A34: 45500 | B34: Тройка микки | C34: 112 | D34: 52000 | E34: =C34*D34 -> 5824000 | F34: 45511 | G34: 600000
B35: Двойка микки | C35: 70 | D35: 42000 | E35: =C35*D35 -> 2940000 | F35: 45512 | G35: 14600000
A36: 45501 | B36: Тройка микки | C36: 56 | D36: 52000 | E36: =C36*D36 -> 2912000 | F36: 45513 | G36: 400000
B37: Двойка микки | C37: 100 | D37: 42000 | E37: =C37*D37 -> 4200000 | F37: 45514 | G37: 3350000
A38: 45503 | B38: Двойка микки | C38: 110 | D38: 42000 | E38: =C38*D38 -> 4620000 | F38: 45515 | G38: =1270000+3375000 -> 4645000
B39: Тройка микки | C39: 84 | D39: 52000 | E39: =C39*D39 -> 4368000 | F39: 45517 | G39: 3130000
B40: Тройка динозавр | C40: 120 | D40: 50000 | E40: =C40*D40 -> 6000000 | F40: 45518 | G40: 3900000
A41: 45504 | B41: Тройка динозавр | C41: 120 | D41: 50000 | E41: =C41*D41 -> 6000000 | F41: 45519 | G41: 5000000
B42: Қиз гул | C42: 120 | D42: 44000 | E42: =C42*D42 -> 5280000 | F42: 45520 | G42: 2880000
A43: 45505 | B43: Тройка ромбик | C43: 106 | D43: 56000 | E43: =C43*D43 -> 5936000 | F43: 45521 | G43: 500000
B44: Тройка микки | C44: 90 | D44: 52000 | E44: =C44*D44 -> 4680000 | F44: 45522 | G44: 2820000
B45: Бухоро вил нимча | C45: 78 | D45: 57000 | E45: =C45*D45 -> 4446000 | F45: 45524 | G45: 16310000
A46: 45507 | B46: Тройка микки | C46: 90 | D46: 52000 | E46: =C46*D46 -> 4680000 | F46: 45525 | G46: =7150000+1700000 -> 8850000
A47: 45508 | B47: Бухоро вил шимли | C47: 58 | D47: 60000 | E47: =C47*D47 -> 3480000 | F47: 45526 | G47: 10650000
B48: Тройка айиқ | C48: 80 | D48: 55000 | E48: =C48*D48 -> 4400000 | F48: 45527 | G48: 6500000
A49: 45486 | B49: Горох | C49: 116 | D49: 40000 | E49: =C49*D49 -> 4640000 | F49: 45528 | G49: 11850000
A50: 45511 | B50: Двойка микки | C50: 80 | D50: 42000 | E50: =C50*D50 -> 3360000 | F50: 45529 | G50: 2950000
B51: Тройка айиқ | C51: 138 | D51: 55000 | E51: =C51*D51 -> 7590000 | F51: 45531 | G51: 22276000
B52: Бухоро вил шимли | C52: 104 | D52: 60000 | E52: =C52*D52 -> 6240000 | F52: 45532 | G52: 8300000
B53: Бухоро вил нимча | C53: 6 | D53: 57000 | E53: =C53*D53 -> 342000 | F53: 45533 | G53: 10450000
A54: 45513 | B54: Тройка айиқ | C54: 50 | D54: 55000 | E54: =C54*D54 -> 2750000 | F54: 45534 | G54: =10100000+1270000 -> 11370000
B55: Двойка микки | C55: 88 | D55: 42000 | E55: =C55*D55 -> 3696000 | F55: 45535 | G55: 8094000
A56: 45514 | B56: Тройка лапша | C56: 108 | D56: 54000 | E56: =C56*D56 -> 5832000
A57: 45517 | B57: Двойка микки | C57: 172 | D57: 42000 | E57: =C57*D57 -> 7224000
A58: 45519 | B58: Тройка айиқ | C58: 78 | D58: 55000 | E58: =C58*D58 -> 4290000
A59: 45520 | B59: Тройка микки | C59: 66 | D59: 52000 | E59: =C59*D59 -> 3432000
A60: 45522 | B60: Тройка микки | C60: 66 | D60: 52000 | E60: =C60*D60 -> 3432000
A61: 45524 | B61: Нимча плашевка | C61: 80 | D61: 62000 | E61: =C61*D61 -> 4960000
B62: Двойка мишка 3 д | C62: 80 | D62: 45000 | E62: =C62*D62 -> 3600000
A63: 45525 | B63: Двойка мишка 3 д | C63: 76 | D63: 45000 | E63: =C63*D63 -> 3420000
B64: Нимча плашевка | C64: 96 | D64: 62000 | E64: =C64*D64 -> 5952000
A65: 45526 | B65: Двойка микки | C65: 98 | D65: 42000 | E65: =C65*D65 -> 4116000
B66: Нимча плашевка | C66: 12 | D66: 62000 | E66: =C66*D66 -> 744000
B67: Двойка мишка 3 д | C67: 84 | D67: 45000 | E67: =C67*D67 -> 3780000
A68: 45527 | B68: Тоника кўйлак | C68: 120 | D68: 37000 | E68: =C68*D68 -> 4440000
B69: Тройка қиммати | C69: 76 | D69: 60000 | E69: =C69*D69 -> 4560000
A70: 45528 | B70: Нимча қиммати | C70: 38 | D70: 65000 | E70: =C70*D70 -> 2470000
B71: Нимча плашевка | C71: 46 | D71: 62000 | E71: =C71*D71 -> 2852000
B72: Двойка мишка 3 д | C72: 20 | D72: 45000 | E72: =C72*D72 -> 900000
A73: 45529 | B73: Двойка мишка 3 д | C73: 80 | D73: 45000 | E73: =C73*D73 -> 3600000
B74: Нимча қиммати | C74: 50 | D74: 65000 | E74: =C74*D74 -> 3250000
B75: Беар комплект | C75: 150 | D75: 41000 | E75: =C75*D75 -> 6150000
B76: Виливет двойка | C76: 96 | D76: 44000 | E76: =C76*D76 -> 4224000
B77: Тройка динозавр | C77: 40 | D77: 50000 | E77: =C77*D77 -> 2000000
A78: 45531 | B78: Нимча плашевка | C78: 24 | D78: 62000 | E78: =C78*D78 -> 1488000
B79: Нимча қиммати | C79: 54 | D79: 65000 | E79: =C79*D79 -> 3510000
A80: 45532 | B80: Беар комплект | C80: 90 | D80: 41000 | E80: =C80*D80 -> 3690000
B81: Нимча плашевка | C81: 20 | D81: 62000 | E81: =C81*D81 -> 1240000
B82: Нимча қиммати | C82: 20 | D82: 65000 | E82: =C82*D82 -> 1300000
A83: 45533 | B83: Виливет двойка | C83: 104 | D83: 44000 | E83: =C83*D83 -> 4576000
B84: Тройка динозавр | C84: 90 | D84: 50000 | E84: =C84*D84 -> 4500000
B85: Тройка Микки тош | C85: 68 | D85: 60000 | E85: =C85*D85 -> 4080000
B86: Тройка ромашка | C86: 40 | D86: 60000 | E86: =C86*D86 -> 2400000
B87: Тройка мишка | C87: 18 | D87: 55000 | E87: =C87*D87 -> 990000
A88: 45534 | B88: Беар комплект | C88: 166 | D88: 41000 | E88: =C88*D88 -> 6806000
B89: Нимча плашевка | C89: 40 | D89: 62000 | E89: =C89*D89 -> 2480000
B90: Тройка ромашка | C90: 80 | D90: 60000 | E90: =C90*D90 -> 4800000
A91: 45535 | B91: Нимча плашевка | C91: 40 | D91: 62000 | E91: =C91*D91 -> 2480000
B92: Нимча қиммати | C92: 38 | D92: 65000 | E92: =C92*D92 -> 2470000
B93: Тройка ромашка | C93: 20 | D93: 60000 | E93: =C93*D93 -> 1200000
B94: Адидас | C94: 36 | D94: 30000 | E94: =C94*D94 -> 1080000
B95: Панда полестр | C95: 22 | D95: 40000 | E95: =C95*D95 -> 880000
B96: Микки бамбук | C96: 56 | D96: 30000 | E96: =C96*D96 -> 1680000
E97: =C97*D97 -> 0
E98: =C98*D98 -> 0
E99: =C99*D99 -> 0
E100: =C100*D100 -> 0
...

Sheet Май 2024
A1: Реализация | F1: Касса | I1: Баланс
A2: Число | B2: Модел | C2: Сони | D2: Нархи | E2: Сумма | F2: Число | G2: Сумма | I2: Остатка сумма Бозорда
A3: Остатка сумма олдинги | E3: ='Январ 2024'!I3 -> 16871000 | F3: 45413 | G3: 8000000 | I3: =E199-G199 -> 54686000
A4: 45413 | B4: Муслим ўғил | C4: 56 | D4: 43000 | E4: =C4*D4 -> 2408000 | F4: 45414 | G4: 3000000 | I4: курс | J4: 12750
B5: Лион двойка лондон | C5: 126 | D5: 47000 | E5: =C5*D5 -> 5922000 | F5: 45415 | G5: =13000000+635000 -> 13635000 | I5: =I3/J4 -> 4289.098
B6: Кўйлак полоска | C6: 84 | D6: 42000 | E6: =C6*D6 -> 3528000 | F6: 45416 | G6: 5700000 | I6: остатка товар. | J6: =ост.охири!F5 -> 35376000
B7: Лямка двойка | C7: 144 | D7: 40000 | E7: =C7*D7 -> 5760000 | F7: 45417 | G7: 5730000
B8: Динозавр двойка | C8: 8 | D8: 40000 | E8: =C8*D8 -> 320000 | F8: 45419 | G8: 8200000 | I8: Фарки | J8: =I3-J6 -> 19310000
B9: Полоска тройка лион | C9: 8 | D9: 56000 | E9: =C9*D9 -> 448000 | F9: 45420 | G9: 13000000
A10: 45414 | B10: Муслим ўғил | C10: 106 | D10: 43000 | E10: =C10*D10 -> 4558000 | F10: 45421 | G10: 7100000
B11: Тройка труси | C11: 102 | D11: 45000 | E11: =C11*D11 -> 4590000 | F11: 45422 | G11: 5000000 | I11: скидка
B12: Лион двойка лондон | C12: 70 | D12: 47000 | E12: =C12*D12 -> 3290000 | F12: 45423 | G12: 8100000
B13: Ғижим лион | C13: 82 | D13: 45000 | E13: =C13*D13 -> 3690000 | F13: 45424 | G13: 13170000
A14: 45415 | B14: Динозавр двойка | C14: 80 | D14: 38000 | E14: =C14*D14 -> 3040000 | F14: 45426 | G14: 6000000
B15: Муслим ўғил | C15: 44 | D15: 43000 | E15: =C15*D15 -> 1892000 | F15: 45427 | G15: 3550000
B16: Ғижим лион | C16: 86 | D16: 45000 | E16: =C16*D16 -> 3870000 | F16: 45428 | G16: 8311000
A17: 45416 | B17: Динозавр двойка | C17: 60 | D17: 38000 | E17: =C17*D17 -> 2280000 | F17: 45429 | G17: 10250000
B18: Кофта юбка | C18: 30 | D18: 48000 | E18: =C18*D18 -> 1440000 | F18: 45430 | G18: 12000000
B19: Лион двойка лондон | C19: 180 | D19: 47000 | E19: =C19*D19 -> 8460000 | F19: 45431 | G19: 7745000
A20: 45417 | B20: Кофта юбка | C20: 104 | D20: 48000 | E20: =C20*D20 -> 4992000 | F20: 45433 | G20: 10350000
B21: Тройка труси | C21: 100 | D21: 45000 | E21: =C21*D21 -> 4500000 | F21: 45434 | G21: 11200000
B22: Лион двойка лондон | C22: 16 | D22: 47000 | E22: =C22*D22 -> 752000 | F22: 45435 | G22: 4150000
B23: Капишон муслим | C23: 72 | D23: 46000 | E23: =C23*D23 -> 3312000 | F23: 45436 | G23: 2400000
B24: Қиз жинси ободог | C24: 90 | D24: 45000 | E24: =C24*D24 -> 4050000 | F24: 45437 | G24: 2000000
A25: 45420 | B25: Полоска тройка лион | C25: 30 | D25: 56000 | E25: =C25*D25 -> 1680000 | F25: 45438 | G25: 4700000
B26: Кўйлак шортик барг | C26: 124 | D26: 43000 | E26: =C26*D26 -> 5332000 | F26: 45440 | G26: 9600000
B27: Динозавр двойка | C27: 40 | D27: 38000 | E27: =C27*D27 -> 1520000 | F27: 45441 | G27: 4650000
A28: 45421 | B28: Муслим ўғил | C28: 100 | D28: 43000 | E28: =C28*D28 -> 4300000 | F28: 45442 | G28: 9300000
B29: Динозавр двойка | C29: 40 | D29: 38000 | E29: =C29*D29 -> 1520000 | F29: 45443 | G29: 2000000
B30: Полоска тройка лион | C30: 18 | D30: 56000 | E30: =C30*D30 -> 1008000 | F30: 45444 | G30: 5200000
A31: 45422 | B31: Муслим ўғил | C31: 52 | D31: 43000 | E31: =C31*D31 -> 2236000 | F31: Скидка | G31: 4432000
A32: 45423 | B32: Тройка бухоро | C32: 20 | D32: 52000 | E32: =C32*D32 -> 1040000 | F32: 45445 | G32: 4750000
B33: Динозавр двойка | C33: 76 | D33: 38000 | E33: =C33*D33 -> 2888000 | F33: 45447 | G33: 11250000
B34: Капишон муслим | C34: 60 | D34: 46000 | E34: =C34*D34 -> 2760000 | F34: 45448 | G34: 9650000
B35: Муслим ўғил | C35: 102 | D35: 43000 | E35: =C35*D35 -> 4386000 | F35: 45449 | G35: 11155000
A36: 45424 | B36: Капишон муслим | C36: 136 | D36: 46000 | E36: =C36*D36 -> 6256000 | F36: 45450 | G36: 2800000
B37: Муслим ўғил | C37: 48 | D37: 43000 | E37: =C37*D37 -> 2064000 | F37: 45451 | G37: 13900000
A38: 45426 | B38: Тройка бухоро | C38: 58 | D38: 52000 | E38: =C38*D38 -> 3016000 | F38: Гипюр мус | G38: =216*12000 -> 2592000
B39: Капишон муслим | C39: 112 | D39: 46000 | E39: =C39*D39 -> 5152000 | F39: 45452 | G39: 16465000
B40: Барг двойка | C40: 56 | D40: 43000 | E40: =C40*D40 -> 2408000 | F40: 45454 | G40: 10500000
A41: 45427 | B41: Муслим ўғил | C41: 52 | D41: 43000 | E41: =C41*D41 -> 2236000 | F41: 45455 | G41: 11600000
B42: Капишон муслим | C42: 50 | D42: 46000 | E42: =C42*D42 -> 2300000 | F42: 45456 | G42: 9000000
A43: 45428 | B43: Ободог жинси | C43: 76 | D43: 45000 | E43: =C43*D43 -> 3420000 | F43: 45457 | G43: 15760000
B44: Динозавр двойка | C44: 40 | D44: 38000 | E44: =C44*D44 -> 1520000 | F44: 45458 | G44: 11452000
A45: 45429 | B45: Тройка бухоро | C45: 100 | D45: 52000 | E45: =C45*D45 -> 5200000 | F45: 45461 | G45: 5214000
B46: Динозавр двойка | C46: 60 | D46: 38000 | E46: =C46*D46 -> 2280000 | F46: 45462 | G46: 5100000
B47: Жадка двойка | C47: 64 | D47: 40000 | E47: =C47*D47 -> 2560000 | F47: 45463 | G47: 6000000
A48: 45430 | B48: Тройка бухоро | C48: 110 | D48: 52000 | E48: =C48*D48 -> 5720000 | F48: 45464 | G48: 11000000
B49: Муслим ўғил | C49: 182 | D49: 43000 | E49: =C49*D49 -> 7826000 | F49: 45465 | G49: 10000000
A50: 45431 | B50: Муслим ўғил | C50: 82 | D50: 43000 | E50: =C50*D50 -> 3526000 | F50: 45466 | G50: 13570000
B51: Муслим гипюр | C51: =96+96 -> 192 | D51: 40000 | E51: =C51*D51 -> 7680000 | F51: 45468 | G51: 17000000
B52: Динозавр двойка | C52: 80 | D52: 38000 | E52: =C52*D52 -> 3040000 | F52: 45469 | G52: 5000000
A53: 45433 | B53: Тройка бухоро | C53: 134 | D53: 52000 | E53: =C53*D53 -> 6968000 | F53: 45470 | G53: 6650000
B54: Муслим гипюр | C54: 102 | D54: 40000 | E54: =C54*D54 -> 4080000 | F54: 45471 | G54: 12400000
A55: 45435 | B55: Барг двойка | C55: 72 | D55: 43000 | E55: =C55*D55 -> 3096000 | F55: 45472 | G55: 4300000
B56: Динозавр двойка | C56: 80 | D56: 38000 | E56: =C56*D56 -> 3040000 | F56: 45473 | G56: 3000000
A57: 45436 | B57: Тройка бухоро | C57: 100 | D57: 52000 | E57: =C57*D57 -> 5200000
B58: Катак бухоро | C58: 20 | D58: 57000 | E58: =C58*D58 -> 1140000
B59: Муслим ўғил | C59: 140 | D59: 43000 | E59: =C59*D59 -> 6020000
A60: 45437 | B60: Муслим ўғил | C60: 136 | D60: 43000 | E60: =C60*D60 -> 5848000
A61: 45438 | B61: Тройка бухоро | C61: 100 | D61: 57000 | E61: =C61*D61 -> 5700000
B62: Тройка труси | C62: 40 | D62: 40000 | E62: =C62*D62 -> 1600000
B63: Овакадо модел | C63: 32 | D63: 40000 | E63: =C63*D63 -> 1280000
A64: 45440 | B64: Тройка бухоро | C64: 96 | D64: 52000 | E64: =C64*D64 -> 4992000
B65: Енги двойка | C65: 110 | D65: 40000 | E65: =C65*D65 -> 4400000
A66: 45441 | B66: Тр катак марли | C66: 96 | D66: 52000 | E66: =C66*D66 -> 4992000
B67: Енги двойка | C67: 22 | D67: 40000 | E67: =C67*D67 -> 880000
A68: 45442 | B68: Енги двойка | C68: 126 | D68: 40000 | E68: =C68*D68 -> 5040000
A69: 45443 | B69: Енги двойка | C69: 154 | D69: 40000 | E69: =C69*D69 -> 6160000
A70: 45444 | B70: Тройка бухоро | C70: 178 | D70: 52000 | E70: =C70*D70 -> 9256000
A71: 45447 | B71: Тройка бухоро | C71: 90 | D71: 47000 | E71: =C71*D71 -> 4230000
A72: 45448 | B72: Енги двойка | C72: 108 | D72: 37000 | E72: =C72*D72 -> 3996000
A73: 45448 | B73: Қиз жинси ободог | C73: 90 | D73: 42000 | E73: =C73*D73 -> 3780000
A74: 45449 | B74: Горох двойка | C74: 84 | D74: 40000 | E74: =C74*D74 -> 3360000
B75: Лямка двойка | C75: 88 | D75: 37000 | E75: =C75*D75 -> 3256000
A76: 45450 | B76: Енги тройка | C76: 58 | D76: 50000 | E76: =C76*D76 -> 2900000
B77: Қиз жинси ободог | C77: 48 | D77: 42000 | E77: =C77*D77 -> 2016000
B78: Тройка бухоро | C78: 100 | D78: 47000 | E78: =C78*D78 -> 4700000
A79: 45451 | B79: Енги тройка | C79: 64 | D79: 50000 | E79: =C79*D79 -> 3200000
B80: Тройка труси | C80: 60 | D80: 42000 | E80: =C80*D80 -> 2520000
B81: Горох двойка | C81: 104 | D81: 40000 | E81: =C81*D81 -> 4160000
A82: 45452 | B82: Енги двойка | C82: 202 | D82: 37000 | E82: =C82*D82 -> 7474000
B83: Горох двойка | C83: 104 | D83: 40000 | E83: =C83*D83 -> 4160000
B84: Қиз жинси ободог | C84: 20 | D84: 42000 | E84: =C84*D84 -> 840000
B85: Тройка труси | C85: 60 | D85: 42000 | E85: =C85*D85 -> 2520000
A86: 45454 | B86: Горох двойка | C86: 112 | D86: 40000 | E86: =C86*D86 -> 4480000
B87: Тройка труси | C87: 52 | D87: 42000 | E87: =C87*D87 -> 2184000
B88: Тройка бухоро | C88: 100 | D88: 47000 | E88: =C88*D88 -> 4700000
B89: Лямка двойка | C89: 30 | D89: 37000 | E89: =C89*D89 -> 1110000
A90: 45455 | B90: Енги тройка | C90: 88 | D90: 53000 | E90: =C90*D90 -> 4664000
B91: Горох двойка | C91: 110 | D91: 40000 | E91: =C91*D91 -> 4400000
A92: 45456 | B92: Горох двойка | C92: 236 | D92: 40000 | E92: =C92*D92 -> 9440000
B93: Тройка труси | C93: 80 | D93: 42000 | E93: =C93*D93 -> 3360000
A94: 45457 | B94: Гулли двойка | C94: 96 | D94: 38000 | E94: =C94*D94 -> 3648000
B95: Тройка труси | C95: 44 | D95: 42000 | E95: =C95*D95 -> 1848000
B96: Тройка бухоро | C96: 100 | D96: 47000 | E96: =C96*D96 -> 4700000
A97: 45458 | B97: Горох двойка | C97: 200 | D97: 40000 | E97: =C97*D97 -> 8000000
B98: Тройка труси | C98: 46 | D98: 42000 | E98: =C98*D98 -> 1932000
B99: Тройка бухоро | C99: 72 | D99: 47000 | E99: =C99*D99 -> 3384000
A100: 45463 | B100: Гулли двойка | C100: 104 | D100: 38000 | E100: =C100*D100 -> 3952000
...

Sheet Январ 2024
A1: Реализация | F1: Касса | I1: Баланс
A2: Число | B2: Модел | C2: Сони | D2: Нархи | E2: Сумма | F2: Число | G2: Сумма | I2: Остатка сумма Бозорда
A3: Остатка сумма олдинги | E3: ='2023 сентябр'!I3 -> 34995000 | F3: 45294 | G3: 1610000 | I3: =E199-G199 -> 16871000
A4: 45295 | B4: Динозавр тройка | C4: 112 | D4: 67000 | E4: =C4*D4 -> 7504000 | F4: 45295 | G4: 6600000 | I4: курс | J4: 11550
A5: 45296 | B5: Водаласка двойка | C5: 180 | D5: 39000 | E5: =C5*D5 -> 7020000 | F5: 45296 | G5: 6300000 | I5: =I3/J4 -> 1460.6926
A6: 45297 | B6: Винни пух кашмир | C6: 12 | D6: 52000 | E6: =C6*D6 -> 624000 | F6: 45297 | G6: 5600000 | I6: остатка товар. | J6: =ост.охири!F5 -> 35376000
B7: Винни пух почка | C7: 108 | D7: 40000 | E7: =C7*D7 -> 4320000 | F7: 45298 | G7: 16520000
A8: 45298 | B8: Динозавр тройка | C8: 160 | D8: 67000 | E8: =C8*D8 -> 10720000 | F8: 45300 | G8: 10000000 | I8: Фарки | J8: =I3-J6 -> -18505000
A9: 45300 | B9: Қуен тройка | C9: 80 | D9: 55000 | E9: =C9*D9 -> 4400000 | F9: 45301 | G9: 3750000
B10: Динозавр тройка | C10: 64 | D10: 67000 | E10: =C10*D10 -> 4288000 | F10: 45302 | G10: 14700000
A11: 45301 | B11: Қуен тройка | C11: 98 | D11: 55000 | E11: =C11*D11 -> 5390000 | F11: 45303 | G11: 8100000 | I11: скидка
B12: Динозавр тройка | C12: 44 | D12: 67000 | E12: =C12*D12 -> 2948000 | F12: 45304 | G12: 7660000
A13: 45302 | B13: Мишка тройка хб | C13: 172 | D13: 60000 | E13: =C13*D13 -> 10320000 | F13: 45305 | G13: 8600000
B14: Динозавр тройка | C14: 40 | D14: 67000 | E14: =C14*D14 -> 2680000 | F14: 45307 | G14: 12762000
A15: 45303 | B15: Қуен тройка | C15: 150 | D15: 55000 | E15: =C15*D15 -> 8250000 | F15: 45308 | G15: 4150000
B16: Мишка тр қалин | C16: 10 | D16: 72000 | E16: =C16*D16 -> 720000 | F16: 45309 | G16: 11830000
A17: 45304 | B17: Қуен тройка | C17: 48 | D17: 55000 | E17: =C17*D17 -> 2640000 | F17: 45310 | G17: 8250000
B18: Мишка тройка хб | C18: 120 | D18: 60000 | E18: =C18*D18 -> 7200000 | F18: 45311 | G18: 6500000
A19: 45305 | B19: Мишка тройка хб | C19: 100 | D19: 60000 | E19: =C19*D19 -> 6000000 | F19: 45312 | G19: 11785000
B20: Қуен тройка | C20: 52 | D20: 55000 | E20: =C20*D20 -> 2860000 | F20: 45314 | G20: =2400000+3480000 -> 5880000
B21: Винни пух почка | C21: 38 | D21: 40000 | E21: =C21*D21 -> 1520000 | F21: 45315 | G21: =4900000+2160000 -> 7060000
A22: 45307 | B22: Панда хб | C22: 100 | D22: 44000 | E22: =C22*D22 -> 4400000 | F22: 45316 | G22: 2850000
B23: Мишка тройка хб | C23: 92 | D23: 60000 | E23: =C23*D23 -> 5520000 | F23: 45317 | G23: 1300000
B24: Мишка тр қалин | C24: 4 | D24: 72000 | E24: =C24*D24 -> 288000 | F24: 45318 | G24: 550000
A25: 45308 | B25: Панда хб | C25: 176 | D25: 44000 | E25: =C25*D25 -> 7744000 | F25: 45319 | G25: 3083000
B26: Мишка тройка хб | C26: 36 | D26: 60000 | E26: =C26*D26 -> 2160000 | F26: 45319 | G26: 9416000 | H26: Возврат
A27: 45309 | B27: Қуен тройка | C27: 120 | D27: 55000 | E27: =C27*D27 -> 6600000 | F27: 45321 | G27: 6450000
A28: 45310 | B28: Қиз тройка | C28: 84 | D28: 60000 | E28: =C28*D28 -> 5040000 | F28: 45322 | G28: 5000000
A29: 45311 | B29: Кўйлак ободог | C29: 64 | D29: 50000 | E29: =C29*D29 -> 3200000 | F29: 45323 | G29: 1425000
B30: Мишка тройка хб | C30: 168 | D30: 60000 | E30: =C30*D30 -> 10080000 | F30: 45324 | G30: =500000+745000 -> 1245000
A31: 45312 | B31: Қиз тройка | C31: 156 | D31: 60000 | E31: =C31*D31 -> 9360000 | F31: 45326 | G31: 1217000
A32: 45314 | B32: Қиз тройка | C32: 40 | D32: 60000 | E32: =C32*D32 -> 2400000 | F32: 45328 | G32: 1850000
A33: 45315 | B33: Қиз тройка | C33: 68 | D33: 60000 | E33: =C33*D33 -> 4080000 | F33: 45329 | G33: 110000
B34: Кўйлак ободог | C34: 20 | D34: 50000 | E34: =C34*D34 -> 1000000 | F34: 45330 | G34: 3700000
B35: Тр мишка енги | C35: 70 | D35: 64000 | E35: =C35*D35 -> 4480000 | F35: 45331 | G35: 6300000
A36: 45316 | B36: Қуен тройка | C36: 98 | D36: 55000 | E36: =C36*D36 -> 5390000 | F36: 45332 | G36: 2520000
B37: Панда хб | C37: 96 | D37: 44000 | E37: =C37*D37 -> 4224000 | F37: 45333 | G37: 4710000
B38: Адидас двойка | C38: 48 | D38: 40000 | E38: =C38*D38 -> 1920000 | F38: 45335 | G38: 7000000
A39: 45317 | B39: Кўйлак ободог | C39: 66 | D39: 50000 | E39: =C39*D39 -> 3300000 | F39: 45336 | G39: 10120000
A40: 45319 | B40: Кўйлак ободог | C40: 96 | D40: 50000 | E40: =C40*D40 -> 4800000 | F40: 45337 | G40: 17200000
B41: Мишка тройка хб | C41: 144 | D41: 60000 | E41: =C41*D41 -> 8640000 | F41: 45338 | G41: 6450000
A42: 45321 | B42: Қиз лв | C42: 56 | D42: 50000 | E42: =C42*D42 -> 2800000 | F42: 45339 | G42: 3000000
B43: Тр мишка енги | C43: 100 | D43: 64000 | E43: =C43*D43 -> 6400000 | F43: 45340 | G43: 4800000
A44: 45324 | B44: Мишка тройка хб | C44: 26 | D44: 60000 | E44: =C44*D44 -> 1560000 | F44: 45342 | G44: 5000000
B45: Тр мишка енги | C45: 6 | D45: 64000 | E45: =C45*D45 -> 384000 | F45: 45343 | G45: 2250000
A46: 45331 | B46: Панда полестр | C46: 58 | D46: 40000 | E46: =C46*D46 -> 2320000 | F46: 45344 | G46: 7300000
B47: Полоска полестр | C47: 20 | D47: 40000 | E47: =C47*D47 -> 800000 | F47: 45345 | G47: 5440000
B48: Айиқ полоска | C48: 18 | D48: 40000 | E48: =C48*D48 -> 720000 | F48: 45346 | G48: 550000
B49: Стар | C49: 16 | D49: 50000 | E49: =C49*D49 -> 800000 | F49: 45347 | G49: =4650000+1650000+500000 -> 6800000
B50: Волд | C50: 140 | D50: 60000 | E50: =C50*D50 -> 8400000 | F50: 45349 | G50: 6400000
A51: 45332 | B51: Тр полоска чўнтак | C51: 92 | D51: 60000 | E51: =C51*D51 -> 5520000 | F51: 45350 | G51: 4400000
A52: 45333 | B52: Стар | C52: 206 | D52: 50000 | E52: =C52*D52 -> 10300000 | F52: 45352 | G52: 2000000
A53: 45335 | B53: Двойка свитр | C53: 136 | D53: 45000 | E53: =C53*D53 -> 6120000 | F53: 45353 | G53: 4500000
A54: 45336 | B54: Стар | C54: 118 | D54: 50000 | E54: =C54*D54 -> 5900000 | F54: 45354 | G54: 350000
A55: 45337 | B55: Тр полоска чўнтак | C55: 104 | D55: 60000 | E55: =C55*D55 -> 6240000 | F55: 45356 | G55: 4000000
B56: Юпқа стар | C56: 16 | D56: 48000 | E56: =C56*D56 -> 768000 | F56: 45357 | G56: 1550000
B57: Двойка свитр | C57: 16 | D57: 45000 | E57: =C57*D57 -> 720000 | F57: 45358 | G57: 8750000
A58: 45338 | B58: Юпқа стар | C58: 184 | D58: 48000 | E58: =C58*D58 -> 8832000 | F58: 45359 | G58: 800000
A59: 45339 | B59: Тр полоска чўнтак | C59: 60 | D59: 60000 | E59: =C59*D59 -> 3600000 | F59: 45360 | G59: 3500000
B60: Стар | C60: 164 | D60: 48000 | E60: =C60*D60 -> 7872000 | F60: 45332 | G60: 430000
A61: 45340 | B61: Соол голд тройка | C61: 84 | D61: 58000 | E61: =C61*D61 -> 4872000 | F61: 45363 | G61: 1300000
B62: Тр полоска чўнтак | C62: 40 | D62: 60000 | E62: =C62*D62 -> 2400000 | F62: 45365 | G62: 1650000
A63: 45342 | B63: Стар | C63: 180 | D63: 48000 | E63: =C63*D63 -> 8640000 | F63: 45366 | G63: 1200000
A64: 45346 | B64: Соол голд тройка | C64: 172 | D64: 58000 | E64: =C64*D64 -> 9976000 | F64: 45368 | G64: 1500000
A65: 45347 | B65: Янги микки | C65: 108 | D65: 58000 | E65: =C65*D65 -> 6264000 | F65: 45370 | G65: 5000000
A66: 45349 | B66: Янги микки | C66: 44 | D66: 58000 | E66: =C66*D66 -> 2552000 | F66: 45371 | G66: 5830000
A67: 45350 | B67: Янги микки | C67: 56 | D67: 58000 | E67: =C67*D67 -> 3248000 | F67: 45372 | G67: 3600000
A68: 45351 | B68: Соол голд тройка | C68: 120 | D68: 58000 | E68: =C68*D68 -> 6960000 | F68: 45373 | G68: 1850000
A69: 45352 | B69: Янги микки | C69: 76 | D69: 58000 | E69: =C69*D69 -> 4408000 | F69: 45374 | G69: 9700000
A70: 45358 | B70: Янги микки | C70: 78 | D70: 58000 | E70: =C70*D70 -> 4524000 | F70: 45375 | G70: 14092000
A71: 45359 | B71: Янги микки | C71: 38 | D71: 58000 | E71: =C71*D71 -> 2204000 | F71: 45377 | G71: 11700000
B72: Стар | C72: 132 | D72: 48000 | E72: =C72*D72 -> 6336000 | F72: 45378 | G72: 10000000
A73: 45370 | B73: Қиз ободог труси | C73: 90 | D73: 42000 | E73: =C73*D73 -> 3780000 | F73: 45379 | G73: 6000000
B74: Лион тройка | C74: 42 | D74: 55000 | E74: =C74*D74 -> 2310000 | F74: 45380 | G74: 6100000
A75: 45371 | B75: Лион тройка | C75: 58 | D75: 55000 | E75: =C75*D75 -> 3190000 | F75: 45381 | G75: 17300000
A76: 45372 | B76: Лион тройка | C76: 120 | D76: 55000 | E76: =C76*D76 -> 6600000 | F76: 45382 | G76: 1950000
B77: Динозавр иштон | C77: 100 | D77: 39000 | E77: =C77*D77 -> 3900000 | F77: 45384 | G77: 13000000
A78: 45373 | B78: Лион тройка | C78: 154 | D78: 55000 | E78: =C78*D78 -> 8470000 | F78: 45385 | G78: 15850000
A79: 45374 | B79: Лион тройка | C79: 124 | D79: 55000 | E79: =C79*D79 -> 6820000 | F79: 45386 | G79: 16200000
A80: 45375 | B80: Лион тройка | C80: 104 | D80: 55000 | E80: =C80*D80 -> 5720000 | F80: 45387 | G80: 4000000
B81: Динозавр иштон | C81: 48 | D81: 39000 | E81: =C81*D81 -> 1872000 | F81: 45388 | G81: 5800000
A82: 45377 | B82: Динозавр иштон | C82: 144 | D82: 39000 | E82: =C82*D82 -> 5616000 | F82: 45389 | G82: 22656000
B83: Лион тройка | C83: 102 | D83: 55000 | E83: =C83*D83 -> 5610000 | F83: 45391 | G83: 15000000
A84: 45378 | B84: Лион тройка | C84: 134 | D84: 55000 | E84: =C84*D84 -> 7370000 | F84: 45395 | G84: 8100000
A85: 45379 | B85: Кофта юбка | C85: 128 | D85: 48000 | E85: =C85*D85 -> 6144000 | F85: 45396 | G85: 29058000 | H85: Возврат бахорги
B86: Тройка қиз ободог | C86: 50 | D86: 45000 | E86: =C86*D86 -> 2250000 | F86: 45396 | G86: 7365000
A87: 45380 | B87: Лион тройка | C87: 180 | D87: 55000 | E87: =C87*D87 -> 9900000 | F87: 45398 | G87: =135000+17450000 -> 17585000
A88: 45381 | B88: Лион тройка | C88: 134 | D88: 55000 | E88: =C88*D88 -> 7370000 | F88: 45399 | G88: =1425000+16900000 -> 18325000
B89: Динозавр иштон | C89: 60 | D89: 39000 | E89: =C89*D89 -> 2340000 | F89: 45400 | G89: =16350000+2350000 -> 18700000
B90: Лв тройка | C90: 60 | D90: 52000 | E90: =C90*D90 -> 3120000 | F90: 45401 | G90: 14850000
A91: 45382 | B91: Лв тройка | C91: 48 | D91: 52000 | E91: =C91*D91 -> 2496000 | F91: 45402 | G91: 565000
B92: Динозавр иштон | C92: 108 | D92: 39000 | E92: =C92*D92 -> 4212000 | F92: 45403 | G92: 14892000
A93: 45384 | B93: Лион тройка | C93: 234 | D93: 55000 | E93: =C93*D93 -> 12870000 | F93: 45405 | G93: 14700000
A94: 45385 | B94: Лв тройка | C94: 90 | D94: 52000 | E94: =C94*D94 -> 4680000 | F94: 45406 | G94: 13950000
B95: Лион тройка | C95: 134 | D95: 55000 | E95: =C95*D95 -> 7370000 | F95: 45407 | G95: 9000000
B96: Тройка қиз ободог | C96: 62 | D96: 45000 | E96: =C96*D96 -> 2790000 | F96: 45408 | G96: 12570000
A97: 45386 | B97: Лондон двойка | C97: 192 | D97: 47000 | E97: =C97*D97 -> 9024000 | F97: 45409 | G97: 15370000
B98: Тройка қиз ободог | C98: 22 | D98: 45000 | E98: =C98*D98 -> 990000 | F98: 45410 | G98: 18781000
A99: 45387 | B99: Лион тройка | C99: 156 | D99: 55000 | E99: =C99*D99 -> 8580000 | F99: 45412 | G99: 14360000
A100: 45388 | B100: Лион тройка | C100: 160 | D100: 55000 | E100: =C100*D100 -> 8800000
...

Sheet Баланс 2024
A2: Об.бозорга берилган махсулот | B2: ='Январ 2024'!E199 -> 758293000
A3: Об. Олинган кассалар | B3: ='Январ 2024'!G199 -> 741422000

Sheet 2023 сентябр
A1: Реализация | F1: Касса | I1: Баланс
A2: Число | B2: Модел | C2: Сони | D2: Нархи | E2: Сумма | F2: Число | G2: Сумма | I2: Остатка сумма Бозорда
A3: Остатка сумма олдинги | E3: ='2023 август'!I3 -> 15112000 | F3: 45170 | G3: 1800000 | I3: =E199-G199 -> 34995000
A4: 45170 | B4: Адидас спортивка | C4: 12 | D4: 45000 | E4: =C4*D4 -> 540000 | F4: 45171 | G4: 150000 | I4: курс | J4: 11550
A5: 45174 | B5: Бамбук микки | C5: 190 | D5: 38000 | E5: =C5*D5 -> 7220000 | F5: 45172 | G5: 965000 | I5: =I3/J4 -> 3029.8701
A6: 45175 | B6: Вил ромашка | C6: 11 | D6: 35000 | E6: =C6*D6 -> 385000 | F6: 45174 | G6: 3000000 | I6: остатка товар.
A7: 45176 | B7: Бамбук микки | C7: 140 | D7: 38000 | E7: =C7*D7 -> 5320000 | F7: 45175 | G7: 5600000
A8: 45177 | B8: Бамбук микки | C8: 28 | D8: 38000 | E8: =C8*D8 -> 1064000 | F8: 45176 | G8: 6000000 | I8: Фарки | J8: =I3-J6 -> 34995000
A9: 45179 | B9: Бамбук микки | C9: 100 | D9: 38000 | E9: =C9*D9 -> 3800000 | F9: 45177 | G9: 175000
A10: 45181 | B10: Бамбук микки | C10: 100 | D10: 38000 | E10: =C10*D10 -> 3800000 | F10: 45179 | G10: 2385000
A11: 45183 | B11: Бамбук микки | C11: 142 | D11: 38000 | E11: =C11*D11 -> 5396000 | F11: 45181 | G11: 4500000 | I11: скидка
A12: 45184 | B12: Бамбук микки | C12: 90 | D12: 38000 | E12: =C12*D12 -> 3420000 | F12: 45182 | G12: 950000
A13: 45185 | B13: Беар қалин | C13: 102 | D13: 60000 | E13: =C13*D13 -> 6120000 | F13: 45183 | G13: 6600000
A14: 45185 | B14: Бамбук микки | C14: 198 | D14: 38000 | E14: =C14*D14 -> 7524000 | F14: 45184 | G14: 5900000
A15: 45186 | B15: Бамбук микки | C15: 110 | D15: 38000 | E15: =C15*D15 -> 4180000 | F15: 45185 | G15: 4100000
A16: 45188 | B16: Барби кашмир | C16: 174 | D16: 53000 | E16: =C16*D16 -> 9222000 | F16: 45186 | G16: 3454000
B17: Беар қалин | C17: 122 | D17: 60000 | E17: =C17*D17 -> 7320000 | F17: 45188 | G17: =2550000+8950000+1220000 -> 12720000
B18: Виливет двойка | C18: 6 | D18: 50000 | E18: =C18*D18 -> 300000 | F18: 45189 | G18: 4400000
B19: Бамбук микки | C19: 106 | D19: 38000 | E19: =C19*D19 -> 4028000 | F19: 45190 | G19: 6700000
A20: 45189 | B20: Барби кашмир | C20: 110 | D20: 53000 | E20: =C20*D20 -> 5830000 | F20: 45191 | G20: 5900000
B21: Беар қалин | C21: 120 | D21: 60000 | E21: =C21*D21 -> 7200000 | F21: 45192 | G21: 6260000
B22: Барби кашмир | C22: 10 | D22: 53000 | E22: =C22*D22 -> 530000 | F22: 45193 | G22: 8655000 | H22: Возврат
B23: Бамбук микки | C23: 12 | D23: 38000 | E23: =C23*D23 -> 456000 | F23: 45193 | G23: =435000+4650000 -> 5085000
A24: 45191 | B24: Беар қалин | C24: 124 | D24: 60000 | E24: =C24*D24 -> 7440000 | F24: 45195 | G24: =9750000+480000 -> 10230000
A25: 45192 | B25: Двойва луис виттон | C25: 118 | D25: 60000 | E25: =C25*D25 -> 7080000 | F25: 45196 | G25: 8850000
A26: 45193 | B26: Двойва луис виттон | C26: 32 | D26: 60000 | E26: =C26*D26 -> 1920000 | F26: 45197 | G26: 350000
B27: Барби кашмир | C27: 55 | D27: 53000 | E27: =C27*D27 -> 2915000 | F27: 45198 | G27: 2400000
B28: Беар қалин | C28: 72 | D28: 60000 | E28: =C28*D28 -> 4320000 | F28: 45199 | G28: 650000
A29: 45195 | B29: Мини мода кашмир | C29: 122 | D29: 58000 | E29: =C29*D29 -> 7076000 | F29: 45200 | G29: 11767000
B30: Беар қалин | C30: 22 | D30: 60000 | E30: =C30*D30 -> 1320000 | F30: 45202 | G30: 2415000
A31: 45196 | B31: Беар қалин | C31: 8 | D31: 60000 | E31: =C31*D31 -> 480000 | F31: 45203 | G31: 350000
B32: Барби кашмир | C32: 2 | D32: 53000 | E32: =C32*D32 -> 106000 | F32: 45204 | G32: 13800000
B33: Мини мода кашмир | C33: 36 | D33: 58000 | E33: =C33*D33 -> 2088000 | F33: 45205 | G33: 4200000
A34: 45199 | B34: Ўғил қиз беар | C34: 306 | D34: 54000 | E34: =C34*D34 -> 16524000 | F34: 45206 | G34: 1700000
A35: 45200 | B35: Ўғил қиз беар | C35: 38 | D35: 54000 | E35: =C35*D35 -> 2052000 | F35: 45207 | G35: 7330000
A36: 45203 | B36: Ўғил қиз беар | C36: 140 | D36: 54000 | E36: =C36*D36 -> 7560000 | F36: 45209 | G36: 9500000
A37: 45204 | B37: Мини мода кашмир | C37: 88 | D37: 58000 | E37: =C37*D37 -> 5104000 | F37: 45210 | G37: 2550000
A38: 45205 | B38: Мини мода кашмир | C38: 84 | D38: 58000 | E38: =C38*D38 -> 4872000 | F38: 45211 | G38: 14000000
A39: 45207 | B39: Ўғил қиз беар | C39: 70 | D39: 54000 | E39: =C39*D39 -> 3780000 | F39: 45212 | G39: 1090000
A40: 45209 | B40: Ўғил қиз беар | C40: 152 | D40: 54000 | E40: =C40*D40 -> 8208000 | F40: 45214 | G40: 7930000
A41: 45210 | B41: Барби кашмир | C41: 160 | D41: 53000 | E41: =C41*D41 -> 8480000 | F41: 45216 | G41: 8100000
A42: 45211 | B42: Ўғил қиз беар | C42: 238 | D42: 54000 | E42: =C42*D42 -> 12852000 | F42: 45217 | G42: 1950000
A43: 45212 | B43: Барби кашмир | C43: 50 | D43: 53000 | E43: =C43*D43 -> 2650000 | F43: 45218 | G43: 2300000
A44: 45214 | B44: Ўғил қиз беар | C44: 150 | D44: 54000 | E44: =C44*D44 -> 8100000 | F44: 45219 | G44: 12300000
A45: 45216 | B45: Ўғил қиз беар | C45: 180 | D45: 54000 | E45: =C45*D45 -> 9720000 | F45: 45220 | G45: 10500000
... A51: 45224 | B51: Печат капишон | C51: 186 | D51: 64000 | E51: =C51*D51 -> 11904000 | F51: 45227 | G51: 4000000
A52: 45224 | B52: Печат без капишон | C52: 50 | D52: 58000 | E52: =C52*D52 -> 2900000 | F52: 45228 | G52: =6750000+100000 -> 6850000
A53: 45225 | B53: Ўғил қиз беар | C53: 364 | D53: 54000 | E53: =C53*D53 -> 19656000 | F53: 45230 | G53: 6400000
A54: 45225 | B54: Печат капишон | C54: 54 | D54: 64000 | E54: =C54*D54 -> 3456000 | F54: 45231 | G54: 650000
A55: 45225 | B55: Печат без капишон | C55: 26 | D55: 58000 | E55: =C55*D55 -> 1508000 | F55: 45232 | G55: 4760000
A56: 45226 | B56: Ўғил қиз беар | C56: 166 | D56: 54000 | E56: =C56*D56 -> 8964000 | F56: 45233 | G56: 1520000
B57: Печат капишон | C57: 64 | D57: 64000 | E57: =C57*D57 -> 4096000 | F57: 45234 | G57: 1700000
B58: Печат без капишон | C58: 70 | D58: 58000 | E58: =C58*D58 -> 4060000 | F58: 45235 | G58: 375000
A59: 45227 | B59: Ўғил қиз беар | C59: 228 | D59: 54000 | E59: =C59*D59 -> 12312000 | F59: 45237 | G59: 3400000
A60: 45228 | B60: Ўғил қиз беар | C60: 54 | D60: 54000 | E60: =C60*D60 -> 2916000 | F60: 45238 | G60: 120000
A61: 45232 | B61: Ўғил қиз беар | C61: 162 | D61: 54000 | E61: =C61*D61 -> 8748000 | F61: 45239 | G61: 7900000
A62: 45233 | B62: Мишка қалин | C62: 100 | D62: 78000 | E62: =C62*D62 -> 7800000 | F62: 45240 | G62: =2100000+24000000 -> 26100000
A63: 45235 | B63: Ехплоре | C63: 42 | D63: 63000 | E63: =C63*D63 -> 2646000 | F63: 45241 | G63: 2000000
A64: 45237 | B64: Ўғил қиз беар | C64: 40 | D64: 54000 | E64: =C64*D64 -> 2160000 | F64: 45242 | G64: 2150000
A65: 45238 | B65: Мишка қалин | C65: 20 | D65: 78000 | E65: =C65*D65 -> 1560000 | F65: 45244 | G65: 755000
A66: 45239 | B66: Ўғил қиз беар | C66: 182 | D66: 54000 | E66: =C66*D66 -> 9828000 | F66: 45245 | G66: 1550000
A67: 45240 | B67: Ўғил қиз беар | C67: 36 | D67: 54000 | E67: =C67*D67 -> 1944000 | F67: 45246 | G67: 8705000
A68: 45241 | B68: Ўғил қиз беар | C68: 234 | D68: 54000 | E68: =C68*D68 -> 12636000 | F68: 45247 | G68: 4120000
A69: 45241 | B69: Ехплоре | C69: 6 | D69: 63000 | E69: =C69*D69 -> 378000 | F69: 45248 | G69: 1120000
A70: 45242 | B70: Мишка қалин | C70: 100 | D70: 78000 | E70: =C70*D70 -> 7800000 | F70: 45249 | G70: 440000
A71: 45245 | B71: Бамбук қалин | C71: 100 | D71: 55000 | E71: =C71*D71 -> 5500000 | F71: 45251 | G71: 1200000
A72: 45246 | B72: Бамбук қалин | C72: 108 | D72: 55000 | E72: =C72*D72 -> 5940000 | F72: 45252 | G72: 1500000
A73: 45247 | B73: Ўғил қиз беар | C73: 122 | D73: 54000 | E73: =C73*D73 -> 6588000 | F73: 45253 | G73: 3200000
A74: 45249 | B74: Бамбук қалин | C74: 202 | D74: 55000 | E74: =C74*D74 -> 11110000 | F74: 45254 | G74: 1500000
... A91: 45290 | B91: Тр дракон | C91: 116 | D91: 67000 | E91: =C91*D91 -> 7772000 | F91: 45274 | G91: 1450000
E92: =C92*D92 -> 0 | F92: 45275 | G92: =300000+834000 -> 1134000
E93: =C93*D93 -> 0 | F93: 45276 | G93: =4500000+512000 -> 5012000
E94: =C94*D94 -> 0 | F94: 45277 | G94: 5000000
E95: =C95*D95 -> 0 | F95: 45279 | G95: 5190000
E96: =C96*D96 -> 0 | F96: 45280 | G96: =1040000+3450000 -> 4490000
E97: =C97*D97 -> 0 | F97: 45281 | G97: 3250000
E98: =C98*D98 -> 0 | F98: 45282 | G98: 1000000
E99: =C99*D99 -> 0 | F99: 45283 | G99: 7800000
E100: =C100*D100 -> 0 | F100: 45284 | G100: 5170000
E101: =C101*D101 -> 0 | F101: 45286 | G101: 1000000
E102: =C102*D102 -> 0 | F102: 45287 | G102: 6400000
E103: =C103*D103 -> 0 | F103: 45288 | G103: =10260000+5820000 -> 16080000
E104: =C104*D104 -> 0 | F104: 45289 | G104: 2140000
E105: =C105*D105 -> 0 | F105: 45290 | G105: 4254000
E106: =C106*D106 -> 0 | F106: 45657 | G106: 680000
E107: =C107*D107 -> 0
E108: =C108*D108 -> 0
E109: =C109*D109 -> 0
E110: =C110*D110 -> 0
E111: =C111*D111 -> 0
E112: =C112*D112 -> 0
E113: =C113*D113 -> 0
E114: =C114*D114 -> 0
E115: =C115*D115 -> 0
E116: =C116*D116 -> 0
E117: =C117*D117 -> 0
E118: =C118*D118 -> 0
... E133: =C133*D133 -> 0
E199: =SUM(E3:E198) -> 530678000 | G199: =SUM(G3:G198) -> 495683000

Sheet 2023 август
A1: Реализация | F1: Касса | I1: Баланс
A2: Число | B2: Модел | C2: Сони | D2: Нархи | E2: Сумма | F2: Число | G2: Сумма | I2: Остатка сумма Бозорда
A3: Остатка сумма олдинги | E3: ='2023 июл'!I3 -> 37556000 | F3: 45139 | G3: 4750000 | I3: =E199-G199 -> 15112000
A4: 45140 | B4: Виливет двойка | C4: 48 | D4: 50000 | E4: =C4*D4 -> 2400000 | F4: 45140 | G4: 1600000 | I4: курс | J4: 11550
A5: 45141 | B5: Гуччи двойка | C5: 92 | D5: 46000 | E5: =C5*D5 -> 4232000 | F5: 45141 | G5: 8500000 | I5: =I3/J4 -> 1308.3983
A6: 45141 | B6: Панда полестр | C6: 22 | D6: 39000 | E6: =C6*D6 -> 858000 | F6: 45142 | G6: 1760000 | I6: остатка товар. | J6: =ост.охири!F5 -> 35376000
A7: 45142 | B7: Виливет двойка | C7: 80 | D7: 50000 | E7: =C7*D7 -> 4000000 | F7: 45143 | G7: 4200000
A8: 45142 | B8: Айиқ полоска | C8: 20 | D8: 40000 | E8: =C8*D8 -> 800000 | F8: 45144 | G8: 2944000 | I8: Фарки | J8: =I3-J6 -> -20264000
A9: 45143 | B9: Виливет двойка | C9: 52 | D9: 50000 | E9: =C9*D9 -> 2600000 | F9: 45146 | G9: 1000000
A10: 45144 | B10: Виливет двойка | C10: 64 | D10: 50000 | E10: =C10*D10 -> 3200000 | F10: 45147 | G10: 4350000
A11: 45146 | B11: Виливет двойка | C11: 60 | D11: 50000 | E11: =C11*D11 -> 3000000 | F11: 45148 | G11: 3700000 | I11: скидка
A12: 45147 | B12: Спортивка | C12: 80 | D12: 46000 | E12: =C12*D12 -> 3680000 | F12: 45149 | G12: 400000
A13: 45151 | B13: Айиқ полоска | C13: 10 | D13: 40000 | E13: =C13*D13 -> 400000 | F13: 45150 | G13: 2250000
A14: 45153 | B14: Янги двойка | C14: 54 | D14: 39000 | E14: =C14*D14 -> 2106000 | F14: 45151 | G14: 900000
A15: 45153 | B15: Виливет двойка | C15: 118 | D15: 50000 | E15: =C15*D15 -> 5900000 | F15: 45153 | G15: 7600000
A16: 45154 | B16: Янги двойка | C16: 4 | D16: 39000 | E16: =C16*D16 -> 156000 | F16: 45154 | G16: 2200000
A17: 45154 | B17: Виливет двойка | C17: 1 | D17: 50000 | E17: =C17*D17 -> 50000 | F17: 45155 | G17: 1130000
A18: 45158 | B18: Адидас спортивка | C18: 56 | D18: 45000 | E18: =C18*D18 -> 2520000 | F18: 45156 | G18: 2250000
A19: 45160 | B19: Адидас спортивка | C19: 110 | D19: 45000 | E19: =C19*D19 -> 4950000 | F19: 45157 | G19: 3250000
A20: 45160 | B20: Виливет двойка | C20: 48 | D20: 50000 | E20: =C20*D20 -> 2400000 | F20: 45158 | G20: 7750000
A21: 45161 | B21: Адидас спортивка | C21: 100 | D21: 45000 | E21: =C21*D21 -> 4500000 | F21: 45160 | G21: 5900000
A22: 45163 | B22: Адидас спортивка | C22: 16 | D22: 45000 | E22: =C22*D22 -> 720000 | F22: 45162 | G22: 2420000
A23: 45163 | B23: Виливет двойка | C23: 44 | D23: 50000 | E23: =C23*D23 -> 2200000 | F23: 45163 | G23: 4780000
... A28: 45167 | B28: Вил қиз ромашка | C28: 8 | D28: 38000 | E28: =C28*D28 -> 304000 | F28: 45169 | G28: 1950000
A29: 45167 | B29: Виливет двойка | C29: 104 | D29: 50000 | E29: =C29*D29 -> 5200000
A30: 45168 | B30: Адидас спортивка | C30: 28 | D30: 45000 | E30: =C30*D30 -> 1260000
E31: =C31*D31 -> 0
E32: =C32*D32 -> 0
E33: =C33*D33 -> 0
E34: =C34*D34 -> 0
E35: =C35*D35 -> 0
E36: =C36*D36 -> 0
E37: =C37*D37 -> 0
E38: =C38*D38 -> 0
E39: =C39*D39 -> 0
E40: =C40*D40 -> 0
E41: =C41*D41 -> 0
E42: =C42*D42 -> 0
... E133: =C133*D133 -> 0
E199: =SUM(E3:E198) -> 100046000 | G199: =SUM(G3:G198) -> 84934000

Sheet 2023 июл
A1: Реализация | F1: Касса | I1: Баланс
A2: Число | B2: Модел | C2: Сони | D2: Нархи | E2: Сумма | F2: Число | G2: Сумма | I2: Остатка сумма Бозорда
A3: Остатка сумма олдинги | E3: ='2023.3'!I3 -> 17766000 | F3: 45108 | G3: 4850000 | I3: =E199-G199 -> 37556000
A4: 45109 | B4: Ўғил кўйлак | C4: 196 | D4: 35000 | E4: =C4*D4 -> 6860000 | F4: 45109 | G4: 10165000 | I4: курс | J4: 11550
A5: 45111 | B5: Обадог | C5: 34 | D5: 35000 | E5: =C5*D5 -> 1190000 | F5: 45111 | G5: 7200000 | I5: =I3/J4 -> 3251.6017
A6: 45111 | B6: Ўғил кўйлак | C6: 110 | D6: 35000 | E6: =C6*D6 -> 3850000 | F6: 45112 | G6: 10850000 | I6: остатка товар. | J6: =ост.охири!F5 -> 35376000
A7: 45111 | B7: Қиз тройка | C7: 122 | D7: 42000 | E7: =C7*D7 -> 5124000 | F7: 45113 | G7: 9400000
A8: 45112 | B8: Қиз тройка | C8: 84 | D8: 42000 | E8: =C8*D8 -> 3528000 | F8: 45114 | G8: 12700000 | I8: Фарки | J8: =I3-J6 -> 2180000
A9: 45112 | B9: Обадог | C9: 94 | D9: 35000 | E9: =C9*D9 -> 3290000 | F9: 45115 | G9: 5550000
A10: 45113 | B10: Ўғил кўйлак | C10: 118 | D10: 35000 | E10: =C10*D10 -> 4130000 | F10: 45116 | G10: 1650000
A11: 45113 | B11: Обадог | C11: 100 | D11: 35000 | E11: =C11*D11 -> 3500000 | F11: 45118 | G11: 3200000 | I11: скидка
A12: 45113 | B12: Қиз тройка | C12: 80 | D12: 42000 | E12: =C12*D12 -> 3360000 | F12: 45119 | G12: 1300000
A13: 45114 | B13: Обадог | C13: 116 | D13: 35000 | E13: =C13*D13 -> 4060000 | F13: 45120 | G13: 1150000
A14: 45114 | B14: Қиз тройка | C14: 112 | D14: 42000 | E14: =C14*D14 -> 4704000 | F14: 45121 | G14: 500000
A15: 45114 | B15: Ўғил кўйлак | C15: 82 | D15: 35000 | E15: =C15*D15 -> 2870000 | F15: 45122 | G15: 574000
A16: 45115 | B16: Обадог | C16: 62 | D16: 35000 | E16: =C16*D16 -> 2170000 | F16: 45123 | G16: 2590000
A17: 45115 | B17: Қиз тройка | C17: 20 | D17: 42000 | E17: =C17*D17 -> 840000 | F17: 45125 | G17: 5600000
A18: 45115 | B18: Ўғил кўйлак | C18: 92 | D18: 35000 | E18: =C18*D18 -> 3220000 | F18: 45126 | G18: 4300000
A19: 45116 | B19: Қиз тройка | C19: 120 | D19: 42000 | E19: =C19*D19 -> 5040000 | F19: 45127 | G19: 2200000
A20: 45116 | B20: Обадог | C20: 50 | D20: 35000 | E20: =C20*D20 -> 1750000 | F20: 45128 | G20: 11100000
A21: 45116 | B21: Ўғил кўйлак | C21: 170 | D21: 35000 | E21: =C21*D21 -> 5950000 | F21: 45129 | G21: 1700000
A22: 45118 | B22: Панда полестр | C22: 30 | D22: 39000 | E22: =C22*D22 -> 1170000 | F22: 45130 | G22: 1480000 | H22: Зафар жиян
A23: 45118 | B23: Беар полестр | C23: 41 | D23: 38000 | E23: =C23*D23 -> 1558000 | F23: 45130 | G23: =900000+5117000 -> 6017000
A24: 45119 | B24: Обадог | C24: 126 | D24: 35000 | E24: =C24*D24 -> 4410000 | F24: 45132 | G24: 7000000 | H24: Возврат ёзги
A25: 45120 | B25: Қиз тройка | C25: 93 | D25: 42000 | E25: =C25*D25 -> 3906000 | F25: 45132 | G25: 600000
A26: 45125 | B26: Спортивка | C26: 38 | D26: 46000 | E26: =C26*D26 -> 1748000 | F26: 45134 | G26: 7000000
A27: 45125 | B27: Айиқ полоска | C27: 248 | D27: 40000 | E27: =C27*D27 -> 9920000 | F27: 45135 | G27: 3000000
A28: 45127 | B28: Спортивка | C28: 32 | D28: 46000 | E28: =C28*D28 -> 1472000 | F28: 45136 | G28: 750000
A29: 45127 | B29: Симба полестр | C29: 252 | D29: 39000 | E29: =C29*D29 -> 9828000 | F29: 45137 | G29: 300000
A30: 45128 | B30: Панда полестр | C30: 140 | D30: 39000 | E30: =C30*D30 -> 5460000
A31: 45128 | B31: Айиқ полоска | C31: 40 | D31: 40000 | E31: =C31*D31 -> 1600000
A32: 45128 | B32: Спортивка | C32: 52 | D32: 46000 | E32: =C32*D32 -> 2392000
A33: 45129 | B33: Айиқ полоска | C33: 244 | D33: 40000 | E33: =C33*D33 -> 9760000
A34: 45129 | B34: Спортивка | C34: 48 | D34: 46000 | E34: =C34*D34 -> 2208000
A35: 45130 | B35: Панда полестр | C35: 60 | D35: 39000 | E35: =C35*D35 -> 2340000
A36: 45130 | B36: Айиқ полоска | C36: 156 | D36: 40000 | E36: =C36*D36 -> 6240000
A37: 45132 | B37: Панда полестр | C37: 28 | D37: 39000 | E37: =C37*D37 -> 1092000
A38: 45133 | B38: Спортивка | C38: 88 | D38: 46000 | E38: =C38*D38 -> 4048000
A39: 45136 | B39: Айиқ полоска | C39: 124 | D39: 40000 | E39: =C39*D39 -> 4960000
A40: 45137 | B40: Айиқ полоска | C40: 58 | D40: 40000 | E40: =C40*D40 -> 2320000
A41: 45137 | B41: Мушук қиз | C41: 18 | D41: 36000 | E41: =C41*D41 -> 648000
B42: Обадог | E42: =C42*D42 -> 0
B43: Қиз тройка | E43: =C43*D43 -> 0
B44: Ўғил кўйлак | E44: =C44*D44 -> 0
B45: София | E45: =C45*D45 -> 0
B46: Ўғил кўйлак | E46: =C46*D46 -> 0
B47: Қиз тройка | E47: =C47*D47 -> 0
B48: Обадог | E48: =C48*D48 -> 0
B49: Ўғил кўйлак | E49: =C49*D49 -> 0
B50: Қиз тройка | E50: =C50*D50 -> 0
B51: Обадог | E51: =C51*D51 -> 0
B52: Ўғил кўйлак | E52: =C52*D52 -> 0
B53: Обадог | E53: =C53*D53 -> 0
... B62: Обадог | E62: =C62*D62 -> 0
E63: =C63*D63 -> 0
E64: =C64*D64 -> 0
E65: =C65*D65 -> 0
E66: =C66*D66 -> 0
E67: =C67*D67 -> 0
E68: =C68*D68 -> 0
E69: =C69*D69 -> 0
E70: =C70*D70 -> 0
E71: =C71*D71 -> 0
E72: =C72*D72 -> 0
E73: =C73*D73 -> 0
E74: =C74*D74 -> 0
... E133: =C133*D133 -> 0
E199: =SUM(E3:E198) -> 160282000 | G199: =SUM(G3:G198) -> 122726000

Sheet Лист1
A1: =45+25+36.4+65+74.1+50+75+81+129+104+40+86+60+65+50+38.5+58+44.5+88+44+159+95+110.9+144+71.5+16.5+55+65+40+165+240+69.7+56.5+15+160+441.7+60+71+60+54.3+110+47+150+61+70+59.35+70+75+79+97+58.8+63+60+50+180+44+50+46+20+82+30+35+70+82+30+90+65+115.5+112+260+212.5+105+100+30+200+180+29+96.5+61.5+203+100+61.5+10+11+247+88+88+187+48.5+102+51+145+40.3+188+51.3+125+100+16+44.6+172.5+20+45.4+25+174+15+41 -> 9184.85 | B1: 1500 | C1: =A1*B1 -> 13777275 | D1: =C1/12250 -> 1124.6755
A3: =3+2.5+25.8+20.8+21.2+19.1+5.68+120+43.4+12.7+30.6+47+110+18.3+7.6+6.1+2+14.7+7.1+7.5+8.7+25+3.54+1.86+2.3+20.14+10+22.71+21.3+26.4+3+24.1+13+6.6+14.3+26+6.6+2.6+3.9+28+30+60+52+150+114.1+38+41.1+33+58.2+16.22+20.58 -> 1408.33 | B3: 0.2 | C3: =A3*B3 -> 281.666
D5: =C3+D1+23 -> 1429.3415

Sheet 2023.3
A1: Реализация | F1: Касса | I1: Баланс
A2: Число | B2: Модел | C2: Сони | D2: Нархи | E2: Сумма | F2: Число | G2: Сумма | I2: Остатка сумма Бозорда
A3: Остатка сумма олдинги | E3: ='2023.2'!I3 -> 16714000 | F3: 45078 | G3: 7900000 | I3: =E199-G199 -> 17766000
A4: 45078 | B4: Ўғил кўйлак | C4: 124 | D4: 35000 | E4: =C4*D4 -> 4340000 | F4: 45079 | G4: 7300000 | I4: курс | J4: 11400
A5: 45078 | B5: Обадог | C5: 78 | D5: 35000 | E5: =C5*D5 -> 2730000 | F5: 45080 | G5: =3950000+280000 -> 4230000 | I5: =I3/J4 -> 1558.4211
A6: 45079 | B6: Обадог | C6: 116 | D6: 35000 | E6: =C6*D6 -> 4060000 | F6: 45081 | G6: 7196000 | I6: остатка товар. | J6: =ост.охири!F5 -> 35376000
A7: 45080 | B7: София | C7: 16 | D7: 32500 | E7: =C7*D7 -> 520000 | F7: 45083 | G7: 10300000
A8: 45080 | B8: Ўғил кўйлак | C8: 100 | D8: 35000 | E8: =C8*D8 -> 3500000 | F8: 45084 | G8: 5170000 | I8: Фарки | J8: =I3-J6 -> -17610000
A9: 45080 | B9: Обадог | C9: 102 | D9: 35000 | E9: =C9*D9 -> 3570000 | F9: 45085 | G9: 7900000
A10: 45081 | B10: Ўғил кўйлак | C10: 188 | D10: 35000 | E10: =C10*D10 -> 6580000 | F10: 45086 | G10: 10150000
A11: 45083 | B11: София | C11: 160 | D11: 32500 | E11: =C11*D11 -> 5200000 | F11: 45087 | G11: 6600000 | I11: скидка
A12: 45083 | B12: Қиз тройка | C12: 80 | D12: 42000 | E12: =C12*D12 -> 3360000 | F12: 45088 | G12: 8202000
A13: 45084 | B13: Обадог | C13: 60 | D13: 35000 | E13: =C13*D13 -> 2100000 | F13: 45090 | G13: 11800000
A14: 45084 | B14: Қиз тройка | C14: 80 | D14: 42000 | E14: =C14*D14 -> 3360000 | F14: 45091 | G14: 7300000
A15: 45085 | B15: Ўғил кўйлак | C15: 52 | D15: 35000 | E15: =C15*D15 -> 1820000 | F15: 45092 | G15: 18000000
A16: 45085 | B16: Обадог | C16: 76 | D16: 35000 | E16: =C16*D16 -> 2660000 | F16: 45093 | G16: 9400000
A17: 45085 | B17: София | C17: 80 | D17: 32500 | E17: =C17*D17 -> 2600000 | F17: 45094 | G17: 4750000
A18: 45086 | B18: Ўғил кўйлак | C18: 78 | D18: 35000 | E18: =C18*D18 -> 2730000 | F18: 45095 | G18: 5685000
A19: 45086 | B19: Қиз тройка | C19: 58 | D19: 42000 | E19: =C19*D19 -> 2436000 | F19: 45097 | G19: 9700000
A20: 45086 | B20: Обадог | C20: 82 | D20: 35000 | E20: =C20*D20 -> 2870000 | F20: 45098 | G20: 13000000
A21: 45087 | B21: Ўғил кўйлак | C21: 54 | D21: 35000 | E21: =C21*D21 -> 1890000 | F21: 45099 | G21: 8500000
A22: 106 | B22: Обадог | C22: 81 | D22: 35000 | E22: =C22*D22 -> 2835000 | F22: 45100 | G22: 9100000
A23: 45087 | B23: Қиз тройка | C23: 58 | D23: 42000 | E23: =C23*D23 -> 2436000 | F23: 45101 | G23: 9500000
... A26: 45088 | B26: София | C26: 60 | D26: 32500 | E26: =C26*D26 -> 1950000 | F26: 45106 | G26: 4750000
A27: 45090 | B27: Ўғил кўйлак | C27: 96 | D27: 35000 | E27: =C27*D27 -> 3360000 | F27: 45107 | G27: =2900000+1725000 -> 4625000
A28: 45090 | B28: Қиз тройка | C28: 124 | D28: 42000 | E28: =C28*D28 -> 5208000
A29: 45090 | B29: Обадог | C29: 44 | D29: 35000 | E29: =C29*D29 -> 1540000
A30: 45090 | B30: София | C30: 42 | D30: 32500 | E30: =C30*D30 -> 1365000
A31: 45091 | B31: София | C31: 84 | D31: 32500 | E31: =C31*D31 -> 2730000
A32: 45091 | B32: Обадог | C32: 182 | D32: 35000 | E32: =C32*D32 -> 6370000
A33: 45092 | B33: Қиз тройка | C33: 72 | D33: 42000 | E33: =C33*D33 -> 3024000
A34: 45092 | B34: Ўғил кўйлак | C34: 100 | D34: 35000 | E34: =C34*D34 -> 3500000
A35: 45093 | B35: Обадог | C35: 158 | D35: 35000 | E35: =C35*D35 -> 5530000
A36: 45093 | B36: Ўғил кўйлак | C36: 60 | D36: 35000 | E36: =C36*D36 -> 2100000
A37: 45093 | B37: Қиз тройка | C37: 50 | D37: 42000 | E37: =C37*D37 -> 2100000
A38: 45094 | B38: Қиз тройка | C38: 106 | D38: 42000 | E38: =C38*D38 -> 4452000
A39: 45094 | B39: Ўғил кўйлак | C39: 106 | D39: 35000 | E39: =C39*D39 -> 3710000
... A62: 45104 | B62: Обадог | C62: 234 | D62: 35000 | E62: =C62*D62 -> 8190000
E63: =C63*D63 -> 0
E64: =C64*D64 -> 0
E65: =C65*D65 -> 0
E66: =C66*D66 -> 0
E67: =C67*D67 -> 0
E68: =C68*D68 -> 0
E69: =C69*D69 -> 0
E70: =C70*D70 -> 0
E71: =C71*D71 -> 0
E72: =C72*D72 -> 0
E73: =C73*D73 -> 0
E74: =C74*D74 -> 0
... E133: =C133*D133 -> 0
E199: =SUM(E3:E198) -> 220849000 | G199: =SUM(G3:G198) -> 203083000

Sheet 2023.2
A1: Реализация | F1: Касса | I1: Баланс
A2: Число | B2: Модел | C2: Сони | D2: Нархи | E2: Сумма | F2: Число | G2: Сумма | I2: Остатка сумма Бозорда
A3: Остатка сумма олдинги | E3: ='2023.1'!I3 -> 9795000 | F3: 45048 | G3: 4250000 | I3: =E199-G199 -> 16714000
A4: 45048 | B4: Ўғил кўйлак | C4: 40 | D4: 35000 | E4: =C4*D4 -> 1400000 | F4: 45049 | G4: 3700000 | I4: курс | J4: 11400
A5: 45049 | B5: Қиз тройка | C5: 116 | D5: 42000 | E5: =C5*D5 -> 4872000 | F5: 45050 | G5: 6700000 | I5: =I3/J4 -> 1466.1404
A6: 45049 | B6: Ўғил кўйлак | C6: 96 | D6: 35000 | E6: =C6*D6 -> 3360000 | F6: 45051 | G6: 4450000 | I6: остатка товар. | J6: =ост.охири!F5 -> 35376000
A7: 45049 | B7: Симба лайкра | C7: 52 | D7: 32000 | E7: =C7*D7 -> 1664000 | F7: 45052 | G7: 5450000
A8: 45050 | B8: Симба лайкра | C8: 100 | D8: 32000 | E8: =C8*D8 -> 3200000 | F8: 45053 | G8: 6573000 | I8: Фарки | J8: =I3-J6 -> -18662000
A9: 45050 | B9: Топик гулли | C9: 64 | D9: 34000 | E9: =C9*D9 -> 2176000 | F9: 45055 | G9: 3800000
A10: 45051 | B10: Симба лайкра | C10: 60 | D10: 32000 | E10: =C10*D10 -> 1920000 | F10: 45056 | G10: 1232000
A11: 45051 | B11: Ўғил кўйлак | C11: 44 | D11: 35000 | E11: =C11*D11 -> 1540000 | F11: 45057 | G11: 4150000 | I11: скидка
A12: 45052 | B12: Ўғил кўйлак | C12: 110 | D12: 35000 | E12: =C12*D12 -> 3850000 | F12: 45058 | G12: 8350000
A13: 45052 | B13: Симба лайкра | C13: 44 | D13: 32000 | E13: =C13*D13 -> 1408000 | F13: 45059 | G13: 5000000
A14: 45052 | B14: Топик гулли | C14: 72 | D14: 34000 | E14: =C14*D14 -> 2448000 | F14: 45060 | G14: 6150000
A15: 45053 | B15: Қиз тройка | C15: 38 | D15: 42000 | E15: =C15*D15 -> 1596000 | F15: 45062 | G15: 5400000
A16: 45053 | B16: Ўғил кўйлак | C16: 102 | D16: 35000 | E16: =C16*D16 -> 3570000 | F16: 45063 | G16: 3800000
A17: 45055 | B17: Обадог | C17: 120 | D17: 35000 | E17: =C17*D17 -> 4200000 | F17: 45064 | G17: 3800000
A18: 44967 | B18: Ўғил кўйлак | C18: 164 | D18: 35000 | E18: =C18*D18 -> 5740000 | F18: 45065 | G18: 9500000
A19: 45057 | B19: Ўғил кўйлак | C19: 72 | D19: 35000 | E19: =C19*D19 -> 2520000 | F19: 45066 | G19: 3000000
A20: 45057 | B20: Обадог | C20: 50 | D20: 35000 | E20: =C20*D20 -> 1750000 | F20: 45067 | G20: 7933000
A21: 45058 | B21: Қиз тройка | C21: 66 | D21: 42000 | E21: =C21*D21 -> 2772000 | F21: 45069 | G21: 7000000
A22: 45059 | B22: Симба лайкра | C22: 190 | D22: 32000 | E22: =C22*D22 -> 6080000 | F22: 45070 | G22: 4700000
A23: 45059 | B23: Обадог | C23: 76 | D23: 35000 | E23: =C23*D23 -> 2660000 | F23: 45071 | G23: 9750000
A24: 45060 | B24: Ўғил кўйлак | C24: 104 | D24: 35000 | E24: =C24*D24 -> 3640000 | F24: 45072 | G24: 10400000
A25: 45060 | B25: Топик гулли | C25: 72 | D25: 34000 | E25: =C25*D25 -> 2448000 | F25: 45073 | G25: =200*11450 -> 2290000
A26: 45062 | B26: Симба лайкра | C26: 72 | D26: 32000 | E26: =C26*D26 -> 2304000 | F26: 45074 | G26: 4800000
A27: 45062 | B27: Ўғил кўйлак | C27: 104 | D27: 35000 | E27: =C27*D27 -> 3640000 | F27: 45076 | G27: 7665000
A28: 45062 | B28: Қиз тройка | C28: 124 | D28: 42000 | E28: =C28*D28 -> 5208000 | F28: 45077 | G28: 2550000
A29: 45063 | B29: Ўғил кўйлак | C29: 30 | D29: 35000 | E29: =C29*D29 -> 1050000
A30: 45064 | B30: Ўғил кўйлак | C30: 96 | D30: 35000 | E30: =C30*D30 -> 3360000
A31: 45065 | B31: Қиз тройка | C31: 80 | D31: 42000 | E31: =C31*D31 -> 3360000
A32: 45065 | B32: Обадог | C32: 98 | D32: 35000 | E32: =C32*D32 -> 3430000
A33: 45066 | B33: Ўғил кўйлак | C33: 68 | D33: 35000 | E33: =C33*D33 -> 2380000
A34: 45066 | B34: Обадог | C34: 98 | D34: 35000 | E34: =C34*D34 -> 3430000
A35: 45067 | B35: Обадог | C35: 106 | D35: 35000 | E35: =C35*D35 -> 3710000
A36: 45067 | B36: Қиз тройка | C36: 98 | D36: 42000 | E36: =C36*D36 -> 4116000
A37: 45069 | B37: Ўғил кўйлак | C37: 80 | D37: 35000 | E37: =C37*D37 -> 2800000
A38: 45069 | B38: Қиз тройка | C38: 60 | D38: 42000 | E38: =C38*D38 -> 2520000
A39: 45070 | B39: Ўғил кўйлак | C39: 80 | D39: 35000 | E39: =C39*D39 -> 2800000
A40: 45070 | B40: Обадог | C40: 94 | D40: 35000 | E40: =C40*D40 -> 3290000
A41: 45071 | B41: Ўғил кўйлак | C41: 60 | D41: 35000 | E41: =C41*D41 -> 2100000
A42: 45071 | B42: Қиз тройка | C42: =60+96 -> 156 | D42: 42000 | E42: =C42*D42 -> 6552000
A43: 45073 | B43: Ўғил кўйлак | C43: 98 | D43: 35000 | E43: =C43*D43 -> 3430000
A44: 45073 | B44: Қиз тройка | C44: 144 | D44: 42000 | E44: =C44*D44 -> 6048000
A45: 45073 | B45: Обадог | C45: 124 | D45: 35000 | E45: =C45*D45 -> 4340000
A46: 45074 | B46: Ўғил кўйлак | C46: 74 | D46: 35000 | E46: =C46*D46 -> 2590000
A47: 45076 | B47: Қиз тройка | C47: 100 | D47: 42000 | E47: =C47*D47 -> 4200000
A48: 45076 | B48: Ўғил кўйлак | C48: 80 | D48: 35000 | E48: =C48*D48 -> 2800000
A49: 45077 | B49: Қиз тройка | C49: 120 | D49: 42000 | E49: =C49*D49 -> 5040000
E50: =C50*D50 -> 0
E51: =C51*D51 -> 0
E52: =C52*D52 -> 0
E53: =C53*D53 -> 0
E54: =C54*D54 -> 0
E55: =C55*D55 -> 0
E56: =C56*D56 -> 0
E57: =C57*D57 -> 0
E58: =C58*D58 -> 0
E59: =C59*D59 -> 0
E60: =C60*D60 -> 0
E61: =C61*D61 -> 0
... E133: =C133*D133 -> 0
E199: =SUM(E3:E198) -> 159107000 | G199: =SUM(G3:G198) -> 142393000

Sheet 2023.1
A1: Реализация | F1: Касса | I1: Баланс
A2: Число | B2: Модел | C2: Сони | D2: Нархи | E2: Сумма | F2: Число | G2: Сумма | I2: Остатка сумма Бозорда
A3: Остатка сумма олдинги | E3: 20240000 | F3: 44978 | G3: 3300000 | I3: =E199-G199 -> 9795000
A4: 44978 | B4: Лоок ме | C4: 72 | D4: 40000 | E4: =C4*D4 -> 2880000 | F4: 44979 | G4: 4250000 | I4: курс | J4: 11400
A5: 44979 | B5: Мушук гул | C5: 64 | D5: 37000 | E5: =C5*D5 -> 2368000 | F5: 44980 | G5: 10000000 | I5: =I3/J4 -> 859.21053
A6: 44979 | B6: Беар чўнтак | C6: 70 | D6: 38000 | E6: =C6*D6 -> 2660000 | F6: 44981 | G6: 3700000 | I6: остатка товар. | J6: =ост.охири!F5 -> 35376000
A7: 44980 | B7: Беар чўнтак | C7: 62 | D7: 38000 | E7: =C7*D7 -> 2356000 | F7: 44982 | G7: 700000
A8: 44980 | B8: Мушук гул | C8: 120 | D8: 37000 | E8: =C8*D8 -> 4440000 | F8: 44983 | G8: 6454000 | I8: Фарки | J8: =I3-J6 -> -25581000
A9: 44980 | B9: Панда | C9: 180 | D9: 39000 | E9: =C9*D9 -> 7020000 | F9: 44985 | G9: 6100000
A10: 44981 | B10: Беар чўнтак | C10: 146 | D10: 38000 | E10: =C10*D10 -> 5548000 | F10: 44986 | G10: 2200000
A11: 44982 | B11: Беар чўнтак | C11: 54 | D11: 38000 | E11: =C11*D11 -> 2052000 | F11: 44987 | G11: 3760000 | I11: скидка
A12: 44983 | B12: Лоок ме | C12: 38 | D12: 40000 | E12: =C12*D12 -> 1520000 | F12: 44988 | G12: 850000
A13: 44983 | B13: Симба | C13: 84 | D13: 39000 | E13: =C13*D13 -> 3276000 | F13: 44989 | G13: 4700000
A14: 44985 | B14: Симба | C14: 104 | D14: 39000 | E14: =C14*D14 -> 4056000 | F14: 44990 | G14: 8913000
A15: 44986 | B15: Симба | C15: 118 | D15: 39000 | E15: =C15*D15 -> 4602000 | F15: 44992 | G15: 3000000
A16: 44987 | B16: Симба | C16: 50 | D16: 39000 | E16: =C16*D16 -> 1950000 | F16: 44993 | G16: 5550000
A17: 44989 | B17: Симба | C17: 80 | D17: 39000 | E17: =C17*D17 -> 3120000 | F17: 44994 | G17: 3600000
A18: 44989 | B18: Лоок ме | C18: 86 | D18: 40000 | E18: =C18*D18 -> 3440000 | F18: 44995 | G18: 3450000
A19: 44990 | B19: Лоок ме | C19: 10 | D19: 40000 | E19: =C19*D19 -> 400000 | F19: 44996 | G19: 1530000
A20: 44990 | B20: Симба | C20: 86 | D20: 39000 | E20: =C20*D20 -> 3354000 | F20: 44997 | G20: 3860000
A21: 44990 | B21: Атлас кўйлак | C21: 48 | D21: 37000 | E21: =C21*D21 -> 1776000 | F21: 44999 | G21: 1550000
A22: 44992 | B22: Симба | C22: 60 | D22: 39000 | E22: =C22*D22 -> 2340000 | F22: 45000 | G22: 3300000
A23: 44992 | B23: Атлас кўйлак | C23: 60 | D23: 37000 | E23: =C23*D23 -> 2220000 | F23: 45001 | G23: 4200000
... A31: 44999 | B31: Атлас кўйлак | C31: 60 | D31: 37000 | E31: =C31*D31 -> 2220000 | F31: 45011 | G31: 1100000
A32: 44999 | B32: Панда | C32: 84 | D32: 39000 | E32: =C32*D32 -> 3276000 | F32: 45013 | G32: =3373000+5228000 -> 8601000 | H32: Воз. Қалин | I32: 5228000
A33: 44999 | B33: Смайлик | C33: 80 | D33: 39000 | E33: =C33*D33 -> 3120000 | F33: 45014 | G33: =550000+3030000 -> 3580000
A34: 45000 | B34: Смайлик | C34: 50 | D34: 39000 | E34: =C34*D34 -> 1950000 | F34: 45015 | G34: 4200000
A35: 45000 | B35: Панда | C35: 84 | D35: 39000 | E35: =C35*D35 -> 3276000 | F35: 45016 | G35: =1900000+290000 -> 2190000
A36: 45001 | B36: Трусик кўйлак | C36: 96 | D36: 33000 | E36: =C36*D36 -> 3168000 | F36: 45017 | G36: 2380000
A37: 45003 | B37: Лион шортик | C37: 80 | D37: 28000 | E37: =C37*D37 -> 2240000
A38: 45003 | B38: Трусик кўйлак | C38: 60 | D38: 33000 | E38: =C38*D38 -> 1980000 | F38: 45018 | G38: 5330000
A39: 45004 | B39: Трусик кўйлак | C39: 32 | D39: 33000 | E39: =C39*D39 -> 1056000 | F39: 45020 | G39: 5850000
A40: 45006 | B40: Кўйлак куржували | C40: 46 | D40: 28000 | E40: =C40*D40 -> 1288000 | F40: 45021 | G40: 1250000
A41: 45007 | B41: Кўйлак куржували | C41: 78 | D41: 28000 | E41: =C41*D41 -> 2184000 | F41: 45022 | G41: 2750000
A42: 45008 | B42: Трусик кўйлак | C42: 30 | D42: 33000 | E42: =C42*D42 -> 990000 | F42: 45023 | G42: 1400000
A43: 45008 | B43: Кўйлак куржували | C43: 56 | D43: 28000 | E43: =C43*D43 -> 1568000 | F43: 45024
A44: 45009 | B44: Трусик кўйлак | C44: 60 | D44: 33000 | E44: =C44*D44 -> 1980000 | F44: 45025 | G44: 7512000
A45: 45011 | B45: Трусик кўйлак | C45: 110 | D45: 33000 | E45: =C45*D45 -> 3630000 | F45: 45027 | G45: 2010000
A46: 45011 | B46: Оқ кофта трусикли | C46: 72 | D46: 36000 | E46: =C46*D46 -> 2592000 | F46: 45028 | G46: 700000
A47: 45013 | B47: Трусик кўйлак | C47: 64 | D47: 33000 | E47: =C47*D47 -> 2112000 | F47: 45029 | G47: 13350000
A48: 45014 | B48: Обадог | C48: 38 | D48: 35000 | E48: =C48*D48 -> 1330000 | F48: 45030 | G48: 2050000
A49: 45014 | B49: Трусик кўйлак | C49: 120 | D49: 33000 | E49: =C49*D49 -> 3960000 | F49: 45031 | G49: =2000000+600000 -> 2600000 | H49: Пайме 600000
A50: 45017 | B50: Обадог | C50: 68 | D50: 35000 | E50: =C50*D50 -> 2380000 | F50: 45032 | G50: 4750000
A51: 45018 | B51: Обадог | C51: 114 | D51: 35000 | E51: =C51*D51 -> 3990000 | F51: 45034 | G51: 1800000
A52: 45018 | B52: Ўғил кўйлак | C52: 56 | D52: 35000 | E52: =C52*D52 -> 1960000 | F52: 45035 | G52: 1700000
A53: 45020 | B53: Обадог | C53: 24 | D53: 35000 | E53: =C53*D53 -> 840000 | F53: 45036 | G53: 1050000
A54: 45020 | B54: Трусик кўйлак | C54: 56 | D54: 33000 | E54: =C54*D54 -> 1848000 | F54: 45038 | G54: 250000
A55: 45021 | B55: Ўғил кўйлак | C55: 116 | D55: 35000 | E55: =C55*D55 -> 4060000 | F55: 45039 | G55: 410000
B56: Обадог | C56: 60 | D56: 35000 | E56: =C56*D56 -> 2100000 | F56: 45041 | G56: 4730000
B57: Трусик кўйлак | C57: 22 | D57: 33000 | E57: =C57*D57 -> 726000 | F57: 45042 | G57: 4000000
A58: 45022 | B58: Трусик кўйлак | C58: 46 | D58: 33000 | E58: =C58*D58 -> 1518000 | F58: 45043 | G58: 1950000
A59: 45023 | B59: Обадог | C59: 32 | D59: 35000 | E59: =C59*D59 -> 1120000 | F59: 45044 | G59: 6460000
A60: 45023 | B60: Трусик кўйлак | C60: 44 | D60: 33000 | E60: =C60*D60 -> 1452000 | F60: 45045 | G60: 1000000
A61: 45025 | B61: Обадог | C61: 144 | D61: 35000 | E61: =C61*D61 -> 5040000 | F61: 45046 | G61: 4292000
A62: 45025 | B62: Ўғил кўйлак | C62: 116 | D62: 35000 | E62: =C62*D62 -> 4060000
A63: 45027 | B63: Обадог | C63: 124 | D63: 35000 | E63: =C63*D63 -> 4340000
A64: 45027 | B64: Ўғил кўйлак | C64: 104 | D64: 35000 | E64: =C64*D64 -> 3640000
A65: 45029 | B65: Ўғил кўйлак | C65: 46 | D65: 35000 | E65: =C65*D65 -> 1610000
A66: 45029 | B66: Жинси шўртик | C66: 78 | D66: 33500 | E66: =C66*D66 -> 2613000
A67: 45030 | B67: Обадог | C67: 52 | D67: 35000 | E67: =C67*D67 -> 1820000
A68: 45031 | B68: Ўғил кўйлак | C68: 58 | D68: 35000 | E68: =C68*D68 -> 2030000
A69: 45032 | B69: Ўғил кўйлак | C69: 116 | D69: 35000 | E69: =C69*D69 -> 4060000
A70: 45034 | B70: Ўғил кўйлак | C70: 160 | D70: 35000 | E70: =C70*D70 -> 5600000
A71: 45035 | B71: Ўғил кўйлак | C71: 42 | D71: 35000 | E71: =C71*D71 -> 1470000
A72: 45041 | B72: Ўғил кўйлак | C72: 50 | D72: 35000 | E72: =C72*D72 -> 1750000
A73: 45042 | B73: Ўғил кўйлак | C73: 70 | D73: 35000 | E73: =C73*D73 -> 2450000
... A78: 45046 | B78: Тройка қиз | C78: 46 | D78: 40000 | E78: =C78*D78 -> 1840000
E79: =C79*D79 -> 0
E80: =C80*D80 -> 0
E81: =C81*D81 -> 0
E82: =C82*D82 -> 0
E83: =C83*D83 -> 0
E84: =C84*D84 -> 0
E85: =C85*D85 -> 0
E86: =C86*D86 -> 0
E87: =C87*D87 -> 0
E88: =C88*D88 -> 0
E89: =C89*D89 -> 0
E90: =C90*D90 -> 0
... E133: =C133*D133 -> 0
E199: =SUM(E3:E198) -> 214995000 | G199: =SUM(G3:G198) -> 205200000

Sheet 2022 Хособот 5
A1: Реализация | F1: Касса | I1: Баланс
A2: Число | B2: Модел | C2: Сони | D2: Нархи | E2: Сумма | F2: Число | G2: Сумма | I2: Остатка сумма Бозорда
A3: Остатка сумма олдинги | E3: ='2022 Хисобот 4'!I3 -> 14371000 | F3: 44761 | G3: 4820000 | I3: =E199-G199 -> 24230000
A4: 44761 | B4: Ўйинчоқ кўйлак | C4: 28 | D4: 28000 | E4: =C4*D4 -> 784000 | F4: 44762 | G4: 150000 | I4: курс | J4: 11000
B5: Сарафан | C5: 12 | D5: 28000 | E5: =C5*D5 -> 336000 | F5: 44763 | G5: 500000 | I5: =I3/J4 -> 2202.7273
B6: Қуло кўйлак | C6: 8 | D6: 23000 | E6: =C6*D6 -> 184000 | F6: 44764 | G6: 2800000 | I6: остатка товар. | J6: =ост.охири!F5 -> 35376000
A7: 44764 | B7: Беар мехли | C7: 128 | D7: 38000 | E7: =C7*D7 -> 4864000 | F7: 44765 | G7: 850000
A8: 44766 | B8: Беар мехли | C8: 202 | D8: 38000 | E8: =C8*D8 -> 7676000 | F8: 44766 | G8: 1010000 | I8: Фарки | J8: =I3-J6 -> -11146000
A9: 44768 | B9: Беар мехли | C9: 38 | D9: 38000 | E9: =C9*D9 -> 1444000 | F9: 44768 | G9: 1600000
A10: 44770 | B10: Беар мехли | C10: 100 | D10: 38000 | E10: =C10*D10 -> 3800000 | F10: 44769 | G10: 2130000
A11: 44771 | B11: Беар мехли | C11: 156 | D11: 38000 | E11: =C11*D11 -> 5928000 | F11: 44770 | G11: 6350000 | I11: скидка
A12: 44772 | B12: Мушук калла | C12: 62 | D12: 37000 | E12: =C12*D12 -> 2294000 | F12: 44771 | G12: 150000
A13: 44773 | B13: Мушук калла | C13: 148 | D13: 37000 | E13: =C13*D13 -> 5476000 | F13: 44772 | G13: 3800000
A14: 44775 | B14: Мушук калла | C14: 154 | D14: 37000 | E14: =C14*D14 -> 5698000 | F14: 44773 | G14: =3959000+2491000 -> 6450000 | H14: 3959000 | I14: Возврат сумма
A15: 44776 | B15: Беар мехли | C15: 128 | D15: 38000 | E15: =C15*D15 -> 4864000 | F15: 44775 | G15: 6300000
A16: 44778 | B16: Гул мушук | C16: 78 | D16: 37000 | E16: =C16*D16 -> 2886000 | F16: 44776 | G16: =13850000+1150000 -> 15000000
A17: 44779 | B17: Гул мушук | C17: 176 | D17: 37000 | E17: =C17*D17 -> 6512000 | F17: 44777 | G17: 1700000
A18: 44779 | B18: Беар мехли | C18: 30 | D18: 38000 | E18: =C18*D18 -> 1140000 | F18: 44778 | G18: 3550000
A19: 44780 | B19: Беар мехли | C19: 120 | D19: 38000 | E19: =C19*D19 -> 4560000 | F19: 44779 | G19: 926000
A20: 44780 | B20: Мушук калла | C20: 60 | D20: 37000 | E20: =C20*D20 -> 2220000 | F20: 44780 | G20: 8168000
A21: 44780 | B21: Гул мушук | C21: 32 | D21: 37000 | E21: =C21*D21 -> 1184000 | F21: 44782 | G21: 12115000
A22: 44780 | B22: Янги тигр | C22: 33 | D22: 38000 | E22: =C22*D22 -> 1254000 | F22: 44783 | G22: 6550000
A23: 44780 | B23: Крокодил | C23: 36 | D23: 35000 | E23: =C23*D23 -> 1260000 | F23: 44784 | G23: 600000
A24: 44780 | B24: Қиз пир пир | C24: 78 | D24: 38000 | E24: =C24*D24 -> 2964000 | F24: 44785 | G24: 5850000
A25: 44780 | B25: Ўйинчоқ двойка | C25: 64 | D25: 42000 | E25: =C25*D25 -> 2688000 | F25: 44786 | G25: 2000000
A26: 44782 | B26: Беар мехли | C26: 108 | D26: 38000 | E26: =C26*D26 -> 4104000 | F26: 44787 | G26: 5715000
A27: 44782 | B27: Мушук калла | C27: 120 | D27: 37000 | E27: =C27*D27 -> 4440000 | F27: 44789 | G27: 14000000
A28: 44783 | B28: Мушук калла | C28: 100 | D28: 37000 | E28: =C28*D28 -> 3700000 | F28: 44790 | G28: =1200000+9600000+2900000 -> 13700000
A29: 44783 | B29: Беар мехли | C29: 82 | D29: 38000 | E29: =C29*D29 -> 3116000 | F29: 44791 | G29: 13900000
A30: 44784 | B30: Мушук калла | C30: 62 | D30: 37000 | E30: =C30*D30 -> 2294000 | F30: 44792 | G30: 7775000
A31: 44785 | B31: Беар мехли | C31: 112 | D31: 38000 | E31: =C31*D31 -> 4256000 | F31: 44793 | G31: 7800000
A32: 44786 | B32: Беар мехли | C32: 74 | D32: 38000 | E32: =C32*D32 -> 2812000 | F32: 44794 | G32: 7007000
A33: 44787 | B33: Мушук калла | C33: 106 | D33: 37000 | E33: =C33*D33 -> 3922000 | F33: 44796 | G33: 3950000
A34: 44787 | B34: Гул мушук | C34: 38 | D34: 37000 | E34: =C34*D34 -> 1406000 | F34: 44797 | G34: 2850000
A35: 44787 | B35: Қиз пир пир | C35: 18 | D35: 38000 | E35: =C35*D35 -> 684000 | F35: 44798 | G35: 2200000
A36: 44789 | B36: Беар мехли | C36: 372 | D36: 38000 | E36: =C36*D36 -> 14136000 | F36: 44799 | G36: 10000000
A37: 44790 | B37: Мушук калла | C37: 60 | D37: 37000 | E37: =C37*D37 -> 2220000 | F37: 44800 | G37: 6200000
A38: 44791 | B38: Беар мехли | C38: 100 | D38: 38000 | E38: =C38*D38 -> 3800000 | F38: 44801 | G38: 12137000
A39: 44792 | B39: Мушук калла | C39: 66 | D39: 37000 | E39: =C39*D39 -> 2442000 | F39: 44803 | G39: 11000000
A40: 44792 | B40: Беар мехли | C40: 162 | D40: 38000 | E40: =C40*D40 -> 6156000 | F40: 44804 | G40: 3200000
A41: 44793 | B41: Беар мехли | C41: 220 | D41: 38000 | E41: =C41*D41 -> 8360000 | F41: 44805 | G41: =2200000+2200000+4600000 -> 9000000
A42: 44793 | B42: Мушук калла | C42: 40 | D42: 37000 | E42: =C42*D42 -> 1480000 | F42: 44806 | G42: 4900000
A43: 44794 | B43: Беар мехли | C43: =62+160 -> 222 | D43: 38000 | E43: =C43*D43 -> 8436000 | F43: 44807 | G43: 6000000
A44: 44794 | B44: Мушук калла | C44: =76+72 -> 148 | D44: 37000 | E44: =C44*D44 -> 5476000 | F44: 44808 | G44: 7510000
A45: 44796 | B45: Мушук калла | C45: 102 | D45: 37000 | E45: =C45*D45 -> 3774000 | F45: 44810 | G45: 16200000
A46: 44797 | B46: Ўйинчоқ двойка | C46: 72 | D46: 42000 | E46: =C46*D46 -> 3024000 | F46: 44811 | G46: 1100000
A47: 44798 | B47: Беар мехли | C47: 52 | D47: 38000 | E47: =C47*D47 -> 1976000 | F47: 44812 | G47: 3650000
A48: 44798 | B48: Ўйинчоқ двойка | C48: 26 | D48: 42000 | E48: =C48*D48 -> 1092000 | F48: 44813 | G48: 1800000
A49: 44799 | B49: Беар мехли | C49: 232 | D49: 38000 | E49: =C49*D49 -> 8816000 | F49: 44814 | G49: 2400000
A50: 44800 | B50: Беар мехли | C50: 252 | D50: 38000 | E50: =C50*D50 -> 9576000
A51: 44801 | B51: Беар мехли | C51: 102 | D51: 38000 | E51: =C51*D51 -> 3876000
A52: 44801 | B52: Шим двойка | C52: 150 | D52: 40000 | E52: =C52*D52 -> 6000000
A53: 44803 | B53: Беар мехли | C53: 80 | D53: 38000 | E53: =C53*D53 -> 3040000
A54: 44803 | B54: Мушук калла | C54: 80 | D54: 37000 | E54: =C54*D54 -> 2960000
A55: 44803 | B55: Шим двойка | C55: 100 | D55: 40000 | E55: =C55*D55 -> 4000000
A56: 44804 | B56: Мушук калла | C56: 60 | D56: 37000 | E56: =C56*D56 -> 2220000
A57: 44805 | B57: Беар мехли | C57: 160 | D57: 38000 | E57: =C57*D57 -> 6080000
A58: 44805 | B58: Мушук калла | C58: 160 | D58: 37000 | E58: =C58*D58 -> 5920000
A59: 44805 | B59: Шим двойка | C59: 16 | D59: 40000 | E59: =C59*D59 -> 640000
A60: 44806 | B60: Беар мехли | C60: 90 | D60: 38000 | E60: =C60*D60 -> 3420000
B61: Шим двойка | C61: 12 | D61: 40000 | E61: =C61*D61 -> 480000
A62: 44807 | B62: Беар мехли | C62: 124 | D62: 38000 | E62: =C62*D62 -> 4712000
A63: 44808 | B63: Беар мехли | C63: 286 | D63: 38000 | E63: =C63*D63 -> 10868000
A64: 44810 | B64: Беар мехли | C64: 78 | D64: 38000 | E64: =C64*D64 -> 2964000
B65: Шим двойка | C65: 100 | D65: 40000 | E65: =C65*D65 -> 4000000
A66: 44811 | B66: Шим двойка | C66: 64 | D66: 40000 | E66: =C66*D66 -> 2560000
A67: 44812 | B67: Беар мехли | C67: 172 | D67: 38000 | E67: =C67*D67 -> 6536000
A68: 44813 | B68: Беар мехли | C68: 264 | D68: 38000 | E68: =C68*D68 -> 10032000
A69: 44814 | B69: Шим двойка | C69: 28 | D69: 40000 | E69: =C69*D69 -> 1120000
B70: Беар мехли | C70: 100 | D70: 38000 | E70: =C70*D70 -> 3800000
A71: 44815 | B71: Мушук калла | C71: 100 | D71: 37000 | E71: =C71*D71 -> 3700000
B72: Беар мехли | C72: 90 | D72: 38000 | E72: =C72*D72 -> 3420000
B73: Ўйинчоқ двойка | C73: 80 | D73: 42000 | E73: =C73*D73 -> 3360000
E74: =C74*D74 -> 0
E75: =C75*D75 -> 0
E76: =C76*D76 -> 0
E77: =C77*D77 -> 0
E78: =C78*D78 -> 0
E79: =C79*D79 -> 0
E80: =C80*D80 -> 0
E81: =C81*D81 -> 0
E82: =C82*D82 -> 0
E83: =C83*D83 -> 0
E84: =C84*D84 -> 0
E85: =C85*D85 -> 0
... E133: =C133*D133 -> 0
E199: =SUM(E3:E198) -> 291593000 | G199: =SUM(G3:G198) -> 267363000

Sheet 2022 Хисобот 4
A1: Реализация | F1: Касса | I1: Баланс
A2: Число | B2: Модел | C2: Сони | D2: Нархи | E2: Сумма | F2: Число | G2: Сумма | I2: Остатка сумма Бозорда
A3: Остатка сумма олдинги | E3: ='2021 Хисобот 3'!I3 -> 30649000 | F3: 44656 | G3: =170000+1400000 -> 1570000 | I3: =E199-G199 -> 14371000
A4: 44656 | B4: Жинси кўйлак | C4: 96 | D4: 28000 | E4: =C4*D4 -> 2688000 | F4: 44658 | G4: 3780000 | I4: курс | J4: 11200
A5: 44658 | B5: Ламка айиқ капалак | C5: 22 | D5: 22000 | E5: =C5*D5 -> 484000 | F5: 44659 | G5: 2800000 | I5: =I3/J4 -> 1283.125
A6: 44658 | B6: Ромашка тош | C6: 72 | D6: 27000 | E6: =C6*D6 -> 1944000 | F6: 44660 | G6: 6120000 | I6: остатка товар. | J6: =ост.охири!F5 -> 35376000
B7: Горох кўйлак | C7: 72 | D7: 27000 | E7: =C7*D7 -> 1944000 | F7: 44661 | G7: 24071000
B8: Тоника мушук | C8: 30 | D8: 18000 | E8: =C8*D8 -> 540000 | F8: 44661 | G8: 4216500 | I8: Фарки | J8: =I3-J6 -> -21005000
B9: Минни микки | C9: 12 | D9: 22000 | E9: =C9*D9 -> 264000 | F9: 44663 | G9: 6100000
B10: Майка ост | C10: 69 | D10: 12000 | E10: =C10*D10 -> 828000 | F10: 44664 | G10: 250000
B11: Майка шортик | C11: 48 | D11: 24000 | E11: =C11*D11 -> 1152000 | F11: 44665 | G11: 1450000 | I11: скидка
B12: Тарвуз кофта | C12: 171 | D12: 14500 | E12: =C12*D12 -> 2479500 | F12: 44666 | G12: 2425000
B13: Ловет двойка | C13: 6 | D13: 25000 | E13: =C13*D13 -> 150000 | F13: 44667 | G13: 700000
B14: Тройка қуён | C14: 6 | D14: 33000 | E14: =C14*D14 -> 198000 | F14: 44668 | G14: 7393000
B15: Крокодил двойка | C15: 10 | D15: 27000 | E15: =C15*D15 -> 270000 | F15: 44670 | G15: 4900000
B16: Двойка наклейка | C16: 66 | D16: 26000 | E16: =C16*D16 -> 1716000 | F16: 44671 | G16: 7865000
A17: 44659 | B17: Ромашка тош | C17: 42 | D17: 27000 | E17: =C17*D17 -> 1134000 | F17: 44672 | G17: 5165000
B18: Двойка наклейка | C18: 150 | D18: 26000 | E18: =C18*D18 -> 3900000 | F18: 44673 | G18: 8120000
A19: 44661 | B19: Кўйлак труси | C19: 74 | D19: 32000 | E19: =C19*D19 -> 2368000 | F19: 44674 | G19: 1000000
B20: Смайл двойка | C20: 40 | D20: 30000 | E20: =C20*D20 -> 1200000 | F20: 44675 | G20: =2604000-5000000 -> -2396000
B21: Тарвуз кофта | C21: 48 | D21: 14500 | E21: =C21*D21 -> 696000 | F21: 44677 | G21: 9500000
A22: 44663 | B22: Смайл двойка | C22: 124 | D22: 30000 | E22: =C22*D22 -> 3720000 | F22: 44678 | G22: 1730000
B23: Минни микки | C23: 34 | D23: 22000 | E23: =C23*D23 -> 748000 | F23: 44679 | G23: 3210000
A24: 44665 | B24: Смайл двойка | C24: 52 | D24: 30000 | E24: =C24*D24 -> 1560000 | F24: 44680 | G24: =670000+5000000 -> 5670000
A25: 44666 | B25: Кўйлак труси | C25: 28 | D25: 32000 | E25: =C25*D25 -> 896000 | F25: 44681 | G25: 1540000
B26: Двойка наклейка | C26: 220 | D26: 26000 | E26: =C26*D26 -> 5720000 | F26: 44682 | G26: 5916000
A27: 44667 | B27: Кўйлак труси | C27: 52 | D27: 32000 | E27: =C27*D27 -> 1664000 | F27: 44684 | G27: 4500000
B28: Двойка наклейка | C28: 54 | D28: 26000 | E28: =C28*D28 -> 1404000 | F28: 44686 | G28: 4200000
A29: 44668 | B29: Смайл двойка | C29: 98 | D29: 30000 | E29: =C29*D29 -> 2940000 | F29: 44687 | G29: 2950000
A30: 44670 | B30: Кўйлак труси | C30: 104 | D30: 32000 | E30: =C30*D30 -> 3328000 | F30: 44688 | G30: 2300000
B31: Смайл двойка | C31: 64 | D31: 30000 | E31: =C31*D31 -> 1920000 | F31: 44689 | G31: 7115000
A32: 44672 | B32: Смайл двойка | C32: 96 | D32: 30000 | E32: =C32*D32 -> 2880000 | F32: 44689 | G32: 244000 | H32: Орео разница
B33: Гипюр кўйлак | C33: 52 | D33: 30000 | E33: =C33*D33 -> 1560000 | F33: 44691 | G33: =685000+6240000 -> 6925000
A34: 44673 | B34: Гипюр кўйлак | C34: 80 | D34: 30000 | E34: =C34*D34 -> 2400000 | F34: 44692 | G34: 2500000
A35: 44674 | B35: Двойка наклейка | C35: 120 | D35: 26000 | E35: =C35*D35 -> 3120000 | F35: 44693 | G35: 3385000
B36: Смайл двойка | C36: 48 | D36: 30000 | E36: =C36*D36 -> 1440000 | F36: 44694 | G36: =2770000+90000 -> 2860000
A37: 44675 | B37: Двойка наклейка | C37: 100 | D37: 26000 | E37: =C37*D37 -> 2600000 | F37: 44695 | G37: 850000
B38: Гипюр кўйлак | C38: 80 | D38: 30000 | E38: =C38*D38 -> 2400000 | F38: 44696 | G38: 4736000
B39: Кўйлак труси | C39: 124 | D39: 32000 | E39: =C39*D39 -> 3968000 | F39: 44696 | G39: 66000 | H39: Жинси разница
B40: Смайл двойка | C40: 60 | D40: 30000 | E40: =C40*D40 -> 1800000 | F40: 44698 | G40: 2110000
A41: 44677 | B41: Смайл двойка | C41: 60 | D41: 30000 | E41: =C41*D41 -> 1800000 | F41: 44699 | G41: 1100000
B42: Гипюр кўйлак | C42: 64 | D42: 30000 | E42: =C42*D42 -> 1920000 | F42: 44700 | G42: 3950000
B43: Кўйлак труси | C43: 14 | D43: 32000 | E43: =C43*D43 -> 448000 | F43: 44701 | G43: 2310000
A44: 44678 | B44: Гипюр кўйлак | C44: 74 | D44: 30000 | E44: =C44*D44 -> 2220000 | F44: 44702 | G44: 1560000
B45: Кўйлак труси | C45: 6 | D45: 32000 | E45: =C45*D45 -> 192000 | F45: 44703 | G45: 201000
B46: Двойка наклейка | C46: 64 | D46: 26000 | E46: =C46*D46 -> 1664000 | F46: 44705 | G46: 2000000
A47: 44679 | B47: Двойка наклейка | C47: 110 | D47: 26000 | E47: =C47*D47 -> 2860000 | F47: 44706 | G47: 4150000
B48: Гипюр кўйлак | C48: 128 | D48: 30000 | E48: =C48*D48 -> 3840000 | F48: 44707 | G48: 10000000
A49: 44680 | B49: Смайл двойка | C49: 60 | D49: 30000 | E49: =C49*D49 -> 1800000 | F49: 44708 | G49: 215000
B50: Орео | C50: 40 | D50: 30000 | E50: =C50*D50 -> 1200000 | F50: 44709 | G50: 900000
B51: Двойка наклейка | C51: 120 | D51: 26000 | E51: =C51*D51 -> 3120000 | F51: 44710 | G51: 2629000
A52: 44681 | B52: Смайл двойка | C52: 56 | D52: 30000 | E52: =C52*D52 -> 1680000 | F52: 44712 | G52: 1950000
B53: Гипюр кўйлак | C53: 60 | D53: 30000 | E53: =C53*D53 -> 1800000 | F53: 44713 | G53: 3950000
A54: 44682 | B54: Кўйлак труси | C54: 40 | D54: 32000 | E54: =C54*D54 -> 1280000 | F54: 44714 | G54: 4000000
B55: Гипюр кўйлак | C55: 84 | D55: 30000 | E55: =C55*D55 -> 2520000 | F55: 44715 | G55: 4750000
B56: Орео | C56: 60 | D56: 30000 | E56: =C56*D56 -> 1800000 | F56: 44716 | G56: 560000
A57: 44686 | B57: Кўйлак труси | C57: 50 | D57: 32000 | E57: =C57*D57 -> 1600000 | F57: 44717 | G57: 2905000
A58: 44687 | B58: Кўйлак труси | C58: 42 | D58: 32000 | E58: =C58*D58 -> 1344000 | F58: 44719 | G58: 1250000
B59: Орео | C59: 60 | D59: 30000 | E59: =C59*D59 -> 1800000 | F59: 44720 | G59: 1300000
A60: 44688 | B60: Двойка наклейка | C60: 62 | D60: 26000 | E60: =C60*D60 -> 1612000 | F60: 44721 | G60: 4650000
B61: Гипюр кўйлак | C61: 100 | D61: 30000 | E61: =C61*D61 -> 3000000 | F61: 44722 | G61: 1500000
A62: 44689 | B62: Двойка наклейка | C62: 100 | D62: 26000 | E62: =C62*D62 -> 2600000 | F62: 44723 | G62: 7220000
B63: Орео | C63: 70 | D63: 30000 | E63: =C63*D63 -> 2100000 | F63: 44724 | G63: 9934000
A64: 44690 | B64: Двойка наклейка | C64: 250 | D64: 26000 | E64: =C64*D64 -> 6500000 | F64: 44726 | G64: 3950000
A65: 44691 | B65: Двойка наклейка | C65: 110 | D65: 26000 | E65: =C65*D65 -> 2860000 | F65: 44727 | G65: 10200000
A66: 44692 | B66: Гипюр кўйлак | C66: 68 | D66: 30000 | E66: =C66*D66 -> 2040000 | F66: 44728 | G66: 6870000
B67: Двойка наклейка | C67: 60 | D67: 26000 | E67: =C67*D67 -> 1560000 | F67: 44729 | G67: 875000
A68: 44694 | B68: Двойка наклейка | C68: 56 | D68: 26000 | E68: =C68*D68 -> 1456000 | F68: 44730 | G68: 3100000
A69: 44695 | B69: Двойка наклейка | C69: 70 | D69: 26000 | E69: =C69*D69 -> 1820000 | F69: 44731 | G69: 6613000
B70: Гипюр кўйлак | C70: 100 | D70: 30000 | E70: =C70*D70 -> 3000000 | F70: 44733 | G70: 7100000
B71: Марли кўйлак | C71: 78 | D71: 28000 | E71: =C71*D71 -> 2184000 | F71: 44734 | G71: 3400000
A72: 44696 | B72: Лион трусик | C72: 50 | D72: 27000 | E72: =C72*D72 -> 1350000 | F72: 44735 | G72: 5280000
B73: Гипюр кўйлак | C73: 98 | D73: 30000 | E73: =C73*D73 -> 2940000 | F73: 44736 | G73: =1000000+8700000 -> 9700000
B74: Марли кўйлак | C74: 12 | D74: 28000 | E74: =C74*D74 -> 336000 | F74: 44737 | G74: 650000
A75: 44698 | B75: Кўйлак труси | C75: 36 | D75: 32000 | E75: =C75*D75 -> 1152000 | F75: 44738 | G75: 9645000
B76: Орео | C76: 124 | D76: 28000 | E76: =C76*D76 -> 3472000 | F76: 44740 | G76: 4550000
A77: 44699 | B77: Чит кўйлак | C77: 81 | D77: 21000 | E77: =C77*D77 -> 1701000 | F77: 44741 | G77: 5500000
B78: Кўйлак труси | C78: 6 | D78: 32000 | E78: =C78*D78 -> 192000 | F78: 44742 | G78: 6000000
A79: 44700 | B79: Марли кўйлак | C79: 50 | D79: 28000 | E79: =C79*D79 -> 1400000 | F79: 44743 | G79: 3800000
B80: Кўйлак труси | C80: 110 | D80: 32000 | E80: =C80*D80 -> 3520000 | F80: 44744 | G80: 5140000
A81: 44701 | B81: Гипюр кўйлак | C81: 68 | D81: 30000 | E81: =C81*D81 -> 2040000 | F81: 44745 | G81: 3915000
B82: Марли кўйлак | C82: 50 | D82: 28000 | E82: =C82*D82 -> 1400000 | F82: 44747 | G82: 4100000
A83: 44702 | B83: Марли гул | C83: 72 | D83: 28000 | E83: =C83*D83 -> 2016000 | F83: 44748 | G83: 6100000
B84: Кўйлак труси | C84: 16 | D84: 32000 | E84: =C84*D84 -> 512000 | F84: 44749 | G84: 5000000
B85: Лион шортик | C85: 102 | D85: 27000 | E85: =C85*D85 -> 2754000 | F85: 44750 | G85: 3100000
A86: 44703 | B86: Гипюр кўйлак | C86: 32 | D86: 30000 | E86: =C86*D86 -> 960000 | F86: 44752 | G86: 1500000
B87: Горох трусик | C87: 68 | D87: 30000 | E87: =C87*D87 -> 2040000 | F87: 44754 | G87: 1800000
A88: 44705 | B88: Лямка трусик | C88: 32 | D88: 30000 | E88: =C88*D88 -> 960000 | F88: 44755 | G88: 2200000
A89: 44709 | B89: Лямка трусик | C89: 16 | D89: 30000 | E89: =C89*D89 -> 480000 | F89: 44756 | G89: 3130000
A90: 44710 | B90: Кўйлак труси | C90: 98 | D90: 32000 | E90: =C90*D90 -> 3136000 | F90: 44757 | G90: 1200000
B91: Лямка трусик | C91: 18 | D91: 30000 | E91: =C91*D91 -> 540000 | F91: 44758 | G91: 1075000
B92: Гул иштон | C92: 90 | D92: 30000 | E92: =C92*D92 -> 2700000 | F92: 44759 | G92: 2484000
A93: 31/6 | B93: Тарвуз | C93: 40 | D93: 25000 | E93: =C93*D93 -> 1000000
A94: 44713 | B94: Тарвуз | C94: 76 | D94: 25000 | E94: =C94*D94 -> 1900000
A95: 44714 | B95: Кўйлак труси | C95: 62 | D95: 32000 | E95: =C95*D95 -> 1984000
B96: Тарвуз | C96: 6 | D96: 25000 | E96: =C96*D96 -> 150000
A97: 44715 | B97: Двойка наклейка | C97: 186 | D97: 26000 | E97: =C97*D97 -> 4836000
B98: Кўйлак труси | C98: 44 | D98: 32000 | E98: =C98*D98 -> 1408000
B99: Марли гул | C99: 6 | D99: 28000 | E99: =C99*D99 -> 168000
B100: Смайл двойка | C100: 10 | D100: 30000 | E100: =C100*D100 -> 300000
...

Sheet Хисобот. 07
A1: Реализация | F1: Касса | I1: Баланс
A2: Число | B2: Модел | C2: Сони | D2: Нархи | E2: Сумма | F2: Число | G2: Сумма | I2: Остатка сумма Бозорда
A3: Остатка сумма олдинги | E3: 34082000 | F3: 44873 | G3: =110000+3400000 -> 3510000 | I3: =E199-G199 -> 20857000
A4: 44873 | B4: Палто сумка | C4: 40 | D4: 55000 | E4: =C4*D4 -> 2200000 | F4: 44874 | G4: 21900000 | I4: курс | J4: 11000
A5: 44874 | B5: Палто катак | C5: 32 | D5: 55000 | E5: =C5*D5 -> 1760000 | F5: 44875 | G5: 1050000 | I5: =I3/J4 -> 1896.0909
A6: 44875 | B6: Палто катак | C6: 28 | D6: 55000 | E6: =C6*D6 -> 1540000 | F6: 44876 | G6: 350000 | I6: остатка товар. | J6: =ост.охири!F5 -> 35376000
A7: 44875 | B7: Палто сумка | C7: 7 | D7: 55000 | E7: =C7*D7 -> 385000 | F7: 44877 | G7: 1700000
A8: 44876 | B8: Двойка чўнтак | C8: 68 | D8: 50000 | E8: =C8*D8 -> 3400000 | F8: 44878 | I8: Фарки | J8: =I3-J6 -> -14519000
A9: 44877 | B9: Двойка чўнтак | C9: 70 | D9: 50000 | E9: =C9*D9 -> 3500000
A10: 44878 | B10: Двойка чўнтак | C10: 50 | D10: 50000 | E10: =C10*D10 -> 2500000
E11: =C11*D11 -> 0 | I11: скидка
E12: =C12*D12 -> 0
E13: =C13*D13 -> 0
E14: =C14*D14 -> 0
E15: =C15*D15 -> 0
E16: =C16*D16 -> 0
E17: =C17*D17 -> 0
E18: =C18*D18 -> 0
E19: =C19*D19 -> 0
E20: =C20*D20 -> 0
E21: =C21*D21 -> 0
E22: =C22*D22 -> 0
E23: =C23*D23 -> 0
... E133: =C133*D133 -> 0
E199: =SUM(E3:E198) -> 49367000 | G199: =SUM(G3:G198) -> 28510000

Sheet 2021 Хисобот 3
A1: Реализация | F1: Касса | I1: Баланс
A2: Число | B2: Модел | C2: Сони | D2: Нархи | E2: Сумма | F2: Число | G2: Сумма | I2: Остатка сумма Бозорда
A3: Остатка сумма олдинги | E3: ='2021 Хисобот 2'!I3 -> 20721500 | F3: 44565 | G3: 300000 | I3: =E199-G199 -> 30649000
A4: 44565 | B4: тигр 3 ип | C4: 38 | D4: 42000 | E4: =C4*D4 -> 1596000 | F4: 44566 | G4: 1875000 | I4: курс | J4: 10850
A5: 44565 | B5: сайл 3 ип | C5: 30 | D5: 42000 | E5: =C5*D5 -> 1260000 | F5: 44567 | G5: 3425000 | I5: =I3/J4 -> 2824.7926
A6: 44565 | B6: смайлик футболка | C6: 36 | D6: 14000 | E6: =C6*D6 -> 504000 | F6: 44568 | G6: 15260000 | I6: остатка товар. | J6: =ост.охири!F5 -> 35376000
A7: 44566 | B7: тигр 3 ип | C7: 42 | D7: 42000 | E7: =C7*D7 -> 1764000 | F7: 44569 | G7: 2650000
A8: 44566 | B8: сайл 3 ип | C8: 80 | D8: 42000 | E8: =C8*D8 -> 3360000 | F8: 44570 | G8: 9288000 | H8: возврат | I8: Фарки | J8: =I3-J6 -> -4727000
A9: 44566 | B9: лоок полестр | C9: 135 | D9: 45000 | E9: =C9*D9 -> 6075000 | F9: 44570 | G9: 2528500
A10: 44567 | B10: сайл 3 ип | C10: 54 | D10: 42000 | E10: =C10*D10 -> 2268000
A11: 44567 | B11: тигр 3 ип | C11: 12 | D11: 42000 | E11: =C11*D11 -> 504000 | F11: 44572 | G11: 3700000 | I11: скидка
A12: 44567 | B12: сайл полестр | C12: =105+54 -> 159 | D12: 45000 | E12: =C12*D12 -> 7155000 | F12: 44573 | G12: 720000
A13: 44567 | B13: очки шапка пол. | C13: 12 | D13: 33500 | E13: =C13*D13 -> 402000 | F13: 44574 | G13: =7650000+800000 -> 8450000
A14: 44568 | B14: сайл 3 ип | C14: 37 | D14: 42000 | E14: =C14*D14 -> 1554000 | F14: 44575 | G14: 621000
A15: 44569 | B15: сайл 3 ип | C15: 126 | D15: 42000 | E15: =C15*D15 -> 5292000 | F15: 44576 | G15: 1662000
B16: * | E16: =C16*D16 -> 0 | F16: 44577 | G16: 2825000
A17: 44572 | B17: сайл полестр | C17: 60 | D17: 45000 | E17: =C17*D17 -> 2700000
A18: 44572 | B18: сайл 3 ип | C18: 60 | D18: 42000 | E18: =C18*D18 -> 2520000 | F18: 44580 | G18: 1550000
A19: 44572 | B19: лоок полестр | C19: 15 | D19: 45000 | E19: =C19*D19 -> 675000 | F19: 44581 | G19: 1250000
A20: 44573 | B20: сайл 3 ип | C20: 58 | D20: 42000 | E20: =C20*D20 -> 2436000 | F20: 44583 | G20: 1250000
A21: 44573 | B21: сайл полестр | C21: 54 | D21: 45000 | E21: =C21*D21 -> 2430000 | F21: 44584 | G21: 300000
A22: 44574 | B22: биг деар | C22: 120 | D22: 41000 | E22: =C22*D22 -> 4920000
A23: 44575 | B23: биг деар | C23: 177 | D23: 41000 | E23: =C23*D23 -> 7257000 | F23: 44586 | G23: 2700000
A24: 44576 | B24: биг деар | C24: 60 | D24: 41000 | E24: =C24*D24 -> 2460000 | F24: 44588 | G24: 6862000
A25: 44577 | B25: биг деар | C25: 45 | D25: 41000 | E25: =C25*D25 -> 1845000 | F25: 44590 | G25: 400000
A26: 44577 | B26: тигр 3 ип | C26: 60 | D26: 42000 | E26: =C26*D26 -> 2520000 | F26: 44591 | G26: 1240000
B27: 0 | E27: =C27*D27 -> 0
A28: 44580 | B28: кучук полестр | C28: 54 | D28: 41000 | E28: =C28*D28 -> 2214000 | F28: 44593 | G28: 500000
A29: 44581 | B29: кучук полестр | C29: 60 | D29: 41000 | E29: =C29*D29 -> 2460000 | F29: 44594 | G29: 1100000
A30: 44582 | B30: янги тигр полестр | C30: 45 | D30: 41000 | E30: =C30*D30 -> 1845000 | F30: 44595 | G30: 3415000
A31: 44583 | B31: янги тигр полестр | C31: 105 | D31: 41000 | E31: =C31*D31 -> 4305000 | F31: 44596 | G31: 284000
A32: 44583 | B32: кучук полестр | C32: 27 | D32: 41000 | E32: =C32*D32 -> 1107000 | F32: 44597 | G32: 1300000
A33: 44583 | B33: қиз смайлик | C33: 81 | D33: 41000 | E33: =C33*D33 -> 3321000 | F33: 44598 | G33: =2360000+1390000 -> 3750000
B34: х | E34: =C34*D34 -> 0
A35: 44586 | B35: кучук полестр | C35: 18 | D35: 41000 | E35: =C35*D35 -> 738000 | F35: 44600 | G35: 5471000
A36: 44586 | B36: янги тигр полестр | C36: 18 | D36: 41000 | E36: =C36*D36 -> 738000 | F36: 44602 | G36: 2110000
A37: 44586 | B37: қиз смайлик | C37: 99 | D37: 41000 | E37: =C37*D37 -> 4059000 | F37: 44603 | G37: 3922000
A38: 44586 | B38: тигр полестр | C38: 60 | D38: 35000 | E38: =C38*D38 -> 2100000 | F38: 44604 | G38: 4555000
A39: 44586 | B39: тишли полестр | C39: 6 | D39: 34000 | E39: =C39*D39 -> 204000 | F39: 44605 | G39: 956000 | H39: скидка
A40: 44587 | B40: биг деар | C40: 180 | D40: 41000 | E40: =C40*D40 -> 7380000 | F40: 44605 | G40: 2043000 | H40: возврат
A41: 44588 | B41: сайл вешилка | C41: 60 | D41: 45000 | E41: =C41*D41 -> 2700000 | F41: 44605 | G41: =207*41000+84*45000+50*32000 -> 13867000 | H41: улугбек
A42: 44588 | B42: шим двойка | C42: 32 | D42: 40000 | E42: =C42*D42 -> 1280000 | F42: 44605 | G42: 2665000 | H42: касса
A43: 44591 | B43: шим двойка | C43: 28 | D43: 40000 | E43: =C43*D43 -> 1120000
A44: 44591 | B44: хелло тройка | C44: 84 | D44: 51000 | E44: =C44*D44 -> 4284000 | F44: 44607 | G44: 3500000
A45: 44591 | B45: сайл вешилка | C45: 6 | D45: 45000 | E45: =C45*D45 -> 270000 | F45: 44608 | G45: 950000
A46: 44591 | B46: биг деар | C46: 18 | D46: 41000 | E46: =C46*D46 -> 738000 | F46: 44609 | G46: 2000000
B47: о | E47: =C47*D47 -> 0 | F47: 44610 | G47: 3800000
A48: 44597 | B48: катак кўйлак | C48: 60 | D48: 32500 | E48: =C48*D48 -> 1950000 | F48: 44611 | G48: 450000
A49: 44597 | B49: горох кўйлак | C49: 26 | D49: 35000 | E49: =C49*D49 -> 910000 | F49: 44612 | G49: 3658000
A50: 44598 | B50: гул шимли | C50: 50 | D50: 38000 | E50: =C50*D50 -> 1900000
B51: х | E51: =C51*D51 -> 0 | F51: 44614 | G51: 5600000
A52: 44601 | B52: биг деар | C52: 30 | D52: 41000 | E52: =C52*D52 -> 1230000 | F52: 44615 | G52: 7050000
A53: 44602 | B53: гул шимли | C53: 80 | D53: 38000 | E53: =C53*D53 -> 3040000 | F53: 44616 | G53: 7000000
A54: 44603 | B54: виливет кўйлак | C54: 24 | D54: 32000 | E54: =C54*D54 -> 768000 | F54: 44617 | G54: 3300000
A55: 44604 | B55: виливет кўйлак | C55: 128 | D55: 32000 | E55: =C55*D55 -> 4096000 | F55: 44618 | G55: 2200000
A56: 44604 | B56: биг деар | C56: 36 | D56: 41000 | E56: =C56*D56 -> 1476000 | F56: 44619 | G56: 5872000
A57: 44605 | B57: виливет кўйлак | C57: 110 | D57: 32000 | E57: =C57*D57 -> 3520000
A58: 44605 | B58: биг деар | C58: 51 | D58: 41000 | E58: =C58*D58 -> 2091000 | F58: 44621 | G58: 1950000
A59: 44605 | B59: гул шимли | C59: 18 | D59: 38000 | E59: =C59*D59 -> 684000 | F59: 44622 | G59: 4400000
B60: х | E60: =C60*D60 -> 0 | F60: 44623 | G60: 6785000
A61: 44607 | B61: виливет кўйлак | C61: 72 | D61: 32000 | E61: =C61*D61 -> 2304000 | F61: 44624 | G61: 2300000
A62: 44607 | B62: гул шимли | C62: 40 | D62: 38000 | E62: =C62*D62 -> 1520000 | F62: 44625 | G62: 5000000
A63: 44608 | B63: виливет кўйлак | C63: 122 | D63: 32000 | E63: =C63*D63 -> 3904000 | F63: 44626 | G63: 6744000
A64: 44609 | B64: виливет кўйлак | C64: 88 | D64: 32000 | E64: =C64*D64 -> 2816000
A65: 44610 | B65: кўйлак тугмали | C65: 30 | D65: 33000 | E65: =C65*D65 -> 990000 | F65: 44628 | G65: 3650000
A66: 44611 | B66: виливет кўйлак | C66: 16 | D66: 32000 | E66: =C66*D66 -> 512000 | F66: 44629 | G66: 3300000
A67: 44611 | B67: кўйлак тугмали | C67: 72 | D67: 33000 | E67: =C67*D67 -> 2376000 | F67: 44630 | G67: 7400000
A68: 44611 | B68: тишли полестр | C68: 12 | D68: 34000 | E68: =C68*D68 -> 408000 | F68: 44631 | G68: 1550000
A69: 44611 | B69: тигр полестр | C69: 46 | D69: 35000 | E69: =C69*D69 -> 1610000 | F69: 44632 | G69: =900000+1230000 -> 2130000
A70: 44612 | B70: кўйлак тугмали | C70: 54 | D70: 33000 | E70: =C70*D70 -> 1782000 | F70: 44633 | G70: =13*32500 -> 422500 | H70: Бантик возврат
A71: 44612 | B71: ўйинчокли двойка | C71: 96 | D71: 42000 | E71: =C71*D71 -> 4032000 | F71: 44633 | G71: 570000 | H71: Уйдиги сумма
B72: х | E72: =C72*D72 -> 0 | F72: 44633 | G72: 2075000 | H72: Касса
A73: 44614 | B73: ўйинчокли двойка | C73: 80 | D73: 42000 | E73: =C73*D73 -> 3360000
A74: 44614 | B74: виливет кўйлак | C74: 20 | D74: 32000 | E74: =C74*D74 -> 640000 | F74: 44635 | G74: 1400000
A75: 44615 | B75: ўйинчокли двойка | C75: 30 | D75: 42000 | E75: =C75*D75 -> 1260000 | F75: 44636 | G75: 3515000
A76: 44615 | B76: виливет кўйлак | C76: 40 | D76: 32000 | E76: =C76*D76 -> 1280000 | F76: 44637 | G76: 3330000
A77: 44616 | B77: айиқ капалак | C77: 80 | D77: 36000 | E77: =C77*D77 -> 2880000 | F77: 44638 | G77: 175000
A78: 44617 | B78: ўйинчокли двойка | C78: 140 | D78: 42000 | E78: =C78*D78 -> 5880000 | F78: 44639 | G78: 2500000
A79: 44618 | B79: ўйинчокли двойка | C79: 50 | D79: 42000 | E79: =C79*D79 -> 2100000 | F79: 44640 | G79: 4441000
A80: 44618 | B80: виливет кўйлак | C80: 38 | D80: 32000 | E80: =C80*D80 -> 1216000
A81: 44619 | B81: крокадил двойка | C81: 54 | D81: 35000 | E81: =C81*D81 -> 1890000 | F81: 44642 | G81: 400000
A82: 44619 | B82: виливет кўйлак | C82: 98 | D82: 32000 | E82: =C82*D82 -> 3136000 | F82: 44643 | G82: 3725000
B83: Х | E83: =C83*D83 -> 0 | F83: 44644 | G83: 2820000
A84: 44621 | B84: виливет кўйлак | C84: 30 | D84: 32000 | E84: =C84*D84 -> 960000 | F84: 44645 | G84: 3700000
A85: 44621 | B85: ўйинчокли двойка | C85: 74 | D85: 42000 | E85: =C85*D85 -> 3108000 | F85: 44646 | G85: 1420000
A86: 44622 | B86: ўйинчокли двойка | C86: 66 | D86: 42000 | E86: =C86*D86 -> 2772000 | F86: 44647 | G86: 891500 | H86: возврат
A87: 44622 | B87: виливет кўйлак | C87: 30 | D87: 32000 | E87: =C87*D87 -> 960000 | F87: 44647 | G87: 2500000 | H87: Қарз хисоб бўлди
A88: 44623 | B88: крокадил двойка | C88: 188 | D88: 35000 | E88: =C88*D88 -> 6580000 | F88: 44647 | G88: 3463000
A89: 44624 | B89: крокадил двойка | C89: 38 | D89: 35000 | E89: =C89*D89 -> 1330000 | F89: 44649 | G89: 6000000
A90: 44624 | B90: айиқ капалак | C90: 84 | D90: 36000 | E90: =C90*D90 -> 3024000 | F90: 44650 | G90: 1500000
A91: 44625 | B91: айиқ капалак | C91: 62 | D91: 36000 | E91: =C91*D91 -> 2232000 | F91: 44651 | G91: 2220000
A92: 44625 | B92: Мам дад ўйинчоқ | C92: 70 | D92: 42000 | E92: =C92*D92 -> 2940000 | F92: 44652 | G92: 2300000
A93: 44626 | B93: виливет кўйлак | C93: 60 | D93: 32000 | E93: =C93*D93 -> 1920000 | F93: 44653 | G93: 350000
A94: 44626 | B94: Мам дад ўйинчоқ | C94: 58 | D94: 44000 | E94: =C94*D94 -> 2552000 | F94: 44654 | G94: 1362000
B95: Х | E95: =C95*D95 -> 0
A96: 44628 | B96: ўйинчокли двойка | C96: 64 | D96: 42000 | E96: =C96*D96 -> 2688000
A97: 44628 | B97: виливет кўйлак | C97: 50 | D97: 32000 | E97: =C97*D97 -> 1600000
A98: 44629 | B98: виливет кўйлак | C98: 16 | D98: 32000 | E98: =C98*D98 -> 512000
A99: 44629 | B99: ўйинчокли двойка | C99: 128 | D99: 42000 | E99: =C99*D99 -> 5376000
A100: 44630 | B100: ўйинчокли двойка | C100: 82 | D100: 42000 | E100: =C100*D100 -> 3444000
...

Sheet Баланс 2022
A2: Модел | B2: Прихо | C2: Остатка | D2: Сотилган | E2: Нархи | F2: Сумма
G3: об.берилган | H3: ='2021 Хисобот 3'!I3 -> 30649000
A4: Мам дад ўйинчоқ | B4: ='2021 Хисобот 3'!C96+'2021 Хисобот 3'!C99+'2021 Хисобот 3'!C100+'2021 Хисобот 3'!C102+'2021 Хисобот 3'!C103 -> 430 | C4: =ост.охири!B27 -> 0 | D4: =B4-C4 -> 430 | E4: 3000 | F4: =B4*E4 -> 1290000
A5: Айиқ капалак | B5: 34 | C5: =ост.охири!B5 -> 18 | D5: =B5-C5 -> 16 | E5: 3000 | F5: =B5*E5 -> 102000 | G5: об.остатка | H5: =F30 -> 2190000
A6: ўйинчоқ двойка | D6: =B6-C6 -> 0 | E6: 3000 | F6: =B6*E6 -> 0
A7: Крокадил двойка | B7: 118 | C7: 92 | D7: =B7-C7 -> 26 | E7: 3000 | F7: =B7*E7 -> 354000
A8: Виливет двойка | B8: =22+'2021 Хисобот 3'!C97+'2021 Хисобот 3'!C98+'2021 Хисобот 3'!C101 -> 148 | C8: =ост.охири!B25 -> 0 | D8: =B8-C8 -> 148 | E8: 3000 | F8: =B8*E8 -> 444000 | G8: разница | H8: =H3-H5 -> 28459000
A9: соол, айик | F9: =B9*E9 -> 0
A10: очки двойка | F10: =B10*E10 -> 0
A11: ари полестр | F11: =B11*E11 -> 0
A12: Крокадил двойка | F12: =B12*E12 -> 0
A13: айик калла полестр | F13: =B13*E13 -> 0
A14: сайл футболка | F14: =B14*E14 -> 0
A15: биг деар 3д | F15: =B15*E15 -> 0
A16: янги тигр пол. | F16: =B16*E16 -> 0
A17: очки шапка 3 ип | F17: =B17*E17 -> 0
A18: қиз смайлик пол. | F18: =B18*E18 -> 0
A19: кучук пирпир пол. | F19: =B19*E19 -> 0
A20: бантик 2 ип | F20: =B20*E20 -> 0
... A27: ўйинчоқ двойка | F27: =B27*E27 -> 0
F28: =B28*E28 -> 0
F29: =B29*E29 -> 0
F30: =SUM(F3:F29) -> 2190000
F197: 41415000

Sheet 2021 Хисобот 2
A1: Реализация | F1: Касса | I1: Баланс
A2: Число | B2: Модел | C2: Сони | D2: Нархи | E2: Сумма | F2: Число | G2: Сумма | I2: Остатка сумма
A3: Остатка сумма олдинги | E3: 21818000 | F3: 44474 | G3: 5650000 | I3: =E199-G199 -> 20721500
A4: 44474 | B4: юлдуз | C4: 64 | D4: 46000 | E4: =C4*D4 -> 2944000 | F4: 44475 | G4: 5050000
A5: 44475 | B5: юлдуз | C5: =26*6+4 -> 160 | D5: 46000 | E5: =C5*D5 -> 7360000 | F5: 44476 | G5: 5250000
A6: 44476 | B6: юлдуз | C6: 70 | D6: 46000 | E6: =C6*D6 -> 3220000 | F6: 44477 | G6: 3000000 | I6: остатка товар. | J6: =ост.охири!F5 -> 35376000
A7: 44478 | B7: юлдуз | C7: =22*6+8 -> 140 | D7: 46000 | E7: =C7*D7 -> 6440000 | F7: 44478 | G7: 795000
A8: 44478 | B8: очки шапка | C8: 154 | D8: 41000 | E8: =C8*D8 -> 6314000 | F8: 44479 | G8: 9000000 | I8: Фарки | J8: =I3-J6 -> -14654500
A9: 44478 | B9: беарс | C9: 52 | D9: 42000 | E9: =C9*D9 -> 2184000
B10: а | E10: =C10*D10 -> 0 | F10: 44481 | G10: =6988000+2680000 -> 9668000
A11: 44480 | B11: юлдуз | C11: 26 | D11: 46000 | E11: =C11*D11 -> 1196000 | F11: 44482 | G11: 4700000 | I11: скидка
A12: 44480 | B12: беарс | C12: 126 | D12: 42000 | E12: =C12*D12 -> 5292000 | F12: 44483 | G12: 1260000
A13: 44480 | B13: адидас | C13: 12 | D13: 38000 | E13: =C13*D13 -> 456000 | F13: 44484 | G13: 1700000
A14: 44481 | B14: адидас | C14: 56 | D14: 46000 | E14: =C14*D14 -> 2576000 | F14: 44485 | G14: 2200000
A15: 44481 | B15: беарс | C15: 38 | D15: 42000 | E15: =C15*D15 -> 1596000 | F15: 44486 | G15: 4036000 | I15: 2500000 сум айирилганда
A16: 44481 | B16: очки шапка | C16: 2 | D16: 41000 | E16: =C16*D16 -> 82000 | I16: қолди | J16: =J8-2500000 -> -17154500
A17: 44483 | B17: очки шапка | C17: 100 | D17: 41000 | E17: =C17*D17 -> 4100000 | F17: 44488 | G17: 9180000
A18: 44484 | B18: очки шапка | C18: 106 | D18: 41000 | E18: =C18*D18 -> 4346000 | F18: 44489 | G18: 2950000
A19: 44484 | B19: беарс | C19: =17*6+4 -> 106 | D19: 42000 | E19: =C19*D19 -> 4452000 | F19: 44490 | G19: 2575000
A20: 44485 | B20: беарс | C20: 214 | D20: 42000 | E20: =C20*D20 -> 8988000 | F20: 44491 | G20: 1080000
A21: 44485 | B21: юлдуз | C21: 20 | D21: 46000 | E21: =C21*D21 -> 920000 | F21: 44492 | G21: 300000
B22: о | E22: =C22*D22 -> 0 | F22: 44493 | G22: 2550000
A23: 44487 | B23: юлдуз | C23: =32+42 -> 74 | D23: 46000 | E23: =C23*D23 -> 3404000
A24: 44488 | B24: юлдуз | C24: 44 | D24: 46000 | E24: =C24*D24 -> 2024000 | F24: 44495 | G24: 3200000
A25: 44489 | B25: юлдуз | C25: 100 | D25: 46000 | E25: =C25*D25 -> 4600000 | F25: 44496 | G25: 6800000
A26: 44490 | B26: юлдуз | C26: 44 | D26: 46000 | E26: =C26*D26 -> 2024000 | F26: 44497 | G26: 1915000
A27: 44491 | B27: юлдуз | C27: 48 | D27: 46000 | E27: =C27*D27 -> 2208000 | F27: 44498 | G27: 3200000
A28: 44492 | B28: юлдуз | C28: 100 | D28: 46000 | E28: =C28*D28 -> 4600000 | F28: 44499 | G28: 1747000
B29: о | E29: =C29*D29 -> 0 | F29: 44500 | G29: 4000000
A30: 44495 | B30: беарс | C30: 120 | D30: 42000 | E30: =C30*D30 -> 5040000
A31: 44495 | B31: замокли | C31: 40 | D31: 45000 | E31: =C31*D31 -> 1800000 | F31: 44502 | G31: 2790000
A32: 44496 | B32: куртка панда | C32: 4 | D32: 75000 | E32: =C32*D32 -> 300000 | F32: 44503 | G32: 1650000
A33: 44497 | B33: куртка панда | C33: 36 | D33: 75000 | E33: =C33*D33 -> 2700000 | F33: 44504 | G33: 700000
A34: 44497 | B34: тукима куртка | C34: 3 | D34: 75000 | E34: =C34*D34 -> 225000 | F34: 44505 | G34: 2430000
A35: 44498 | B35: тукима куртка | C35: 35 | D35: 75000 | E35: =C35*D35 -> 2625000 | F35: 44506 | G35: 165000
A36: 44499 | B36: куртка панда | C36: 19 | D36: 75000 | E36: =C36*D36 -> 1425000 | F36: 44507 | G36: 2805000
B37: о | E37: =C37*D37 -> 0
A38: 44501 | B38: куртка панда | C38: 23 | D38: 75000 | E38: =C38*D38 -> 1725000 | F38: 44509 | G38: 3000000
A39: 44503 | B39: куртка панда | C39: 36 | D39: 75000 | E39: =C39*D39 -> 2700000 | F39: 44510 | G39: 170000
A40: 44503 | B40: тукима куртка | C40: 6 | D40: 75000 | E40: =C40*D40 -> 450000 | F40: 44511 | G40: 3300000
A41: 44506 | B41: катак двойка | C41: 24 | D41: 55000 | E41: =C41*D41 -> 1320000 | F41: 44512 | G41: 4000000
A42: 44506 | B42: куртка панда | C42: 5 | D42: 75000 | E42: =C42*D42 -> 375000 | F42: 44513 | G42: 180000
B43: о | E43: =C43*D43 -> 0 | F43: 44514 | G43: 4450000
A44: 44510 | B44: куртка панда | C44: 3 | D44: 75000 | E44: =C44*D44 -> 225000
A45: 44510 | B45: катак тройка | C45: 27 | D45: 100000 | E45: =C45*D45 -> 2700000 | F45: 44516 | G45: 4625000
A46: 44511 | B46: катак тройка | C46: 36 | D46: 100000 | E46: =C46*D46 -> 3600000 | F46: 44517 | G46: 3010000
A47: 44513 | B47: катак тройка | C47: 47 | D47: 100000 | E47: =C47*D47 -> 4700000 | F47: 44518 | G47: 1025000
A48: 44513 | B48: куртка панда | C48: 5 | D48: 75000 | E48: =C48*D48 -> 375000 | F48: 44519 | G48: 1850000
B49: о | E49: =C49*D49 -> 0 | F49: 44520 | G49: 150000
A50: 44515 | B50: куртка панда | C50: 21 | D50: 75000 | E50: =C50*D50 -> 1575000 | F50: 44521 | G50: 1040000
A51: 44515 | B51: катак тройка | C51: 13 | D51: 100000 | E51: =C51*D51 -> 1300000
A52: 44516 | B52: куртка панда | C52: 42 | D52: 75000 | E52: =C52*D52 -> 3150000 | F52: 44523 | G52: 375000
A53: 44517 | B53: куртка панда | C53: 8 | D53: 75000 | E53: =C53*D53 -> 600000 | F53: 44524 | G53: 100000
A54: 44518 | B54: катак тройка | C54: 59 | D54: 100000 | E54: =C54*D54 -> 5900000 | F54: 44525 | G54: 1900000
A55: 44520 | B55: куртка панда | C55: 33 | D55: 75000 | E55: =C55*D55 -> 2475000 | F55: 44526 | G55: 400000
B56: о | E56: =C56*D56 -> 0 | F56: 44527 | G56: 315000
A57: 44522 | B57: куртка панда | C57: 29 | D57: 75000 | E57: =C57*D57 -> 2175000 | F57: 44528 | G57: 4320000
A58: 44524 | B58: махровий | C58: 50 | D58: 22000 | E58: =C58*D58 -> 1100000
A59: 44527 | B59: микки 3 ип | C59: 100 | D59: 65000 | E59: =C59*D59 -> 6500000 | F59: 44530 | G59: 5000000
A60: 44527 | B60: айиқ даойка 2 ип | C60: 30 | D60: 32500 | E60: =C60*D60 -> 975000 | F60: 44531 | G60: 470000
A61: 44527 | B61: замок двойка 2 ип | C61: 54 | D61: 34500 | E61: =C61*D61 -> 1863000 | F61: 44532 | G61: 2800000
B62: о | E62: =C62*D62 -> 0 | F62: 44533 | G62: 850000
A63: 44529 | B63: замок двойка 2 ип | C63: 38 | D63: 34500 | E63: =C63*D63 -> 1311000 | F63: 44534 | G63: 450000
A64: 44529 | B64: айиқ даойка 2 ип | C64: 130 | D64: 32500 | E64: =C64*D64 -> 4225000 | F64: 44535 | G64: 2466000
A65: 44530 | B65: замок двойка 2 ип | C65: 60 | D65: 34500 | E65: =C65*D65 -> 2070000
A66: 44530 | B66: айиқ даойка 2 ип | C66: 12 | D66: 32500 | E66: =C66*D66 -> 390000 | F66: 44538 | G66: 700000
A67: 44531 | B67: айиқ даойка 2 ип | C67: 76 | D67: 32500 | E67: =C67*D67 -> 2470000 | F67: 44539 | G67: 3000000
A68: 44532 | B68: замок двойка 2 ип | C68: 8 | D68: 34500 | E68: =C68*D68 -> 276000 | F68: 44540 | G68: 945000
A69: 44532 | B69: айиқ даойка 2 ип | C69: 136 | D69: 32500 | E69: =C69*D69 -> 4420000 | F69: 44541 | G69: 150000
A70: 44534 | B70: замок двойка 2 ип | C70: 100 | D70: 34500 | E70: =C70*D70 -> 3450000 | F70: 44542 | G70: 1164500
B71: о | E71: =C71*D71 -> 0
A72: 44536 | B72: замок двойка 2 ип | C72: 26 | D72: 34500 | E72: =C72*D72 -> 897000 | F72: 44544 | G72: 4600000
A73: 44537 | B73: кучук тройка 2 ип | C73: 41 | D73: 40000 | E73: =C73*D73 -> 1640000 | F73: 44545 | G73: 400000
A74: 44538 | B74: кучук тройка 2 ип | C74: 39 | D74: 40000 | E74: =C74*D74 -> 1560000 | F74: 44546 | G74: =1105000+333000 -> 1438000
A75: 44539 | B75: кучук тройка 2 ип | C75: 69 | D75: 40000 | E75: =C75*D75 -> 2760000 | F75: 44547 | G75: 390000
A76: 44540 | B76: тигр полестр | C76: 30 | D76: 33000 | E76: =C76*D76 -> 990000 | F76: 44548 | G76: 960000
A77: 44540 | B77: тишли полестр | C77: 22 | D77: 34000 | E77: =C77*D77 -> 748000 | F77: 44549 | G77: =506000+1078000 -> 1584000
A78: 44540 | B78: ари полестр | C78: 4 | D78: 33500 | E78: =C78*D78 -> 134000
A79: 44540 | B79: очки шапка полестр | C79: 6 | D79: 33500 | E79: =C79*D79 -> 201000 | F79: 21дан 29 гача | G79: 5939000
E80: =C80*D80 -> 0
E81: =C81*D81 -> 0
E83: =C83*D83 -> 0
E84: =C84*D84 -> 0
E85: =C85*D85 -> 0
E86: =C86*D86 -> 0
E87: =C87*D87 -> 0
E88: =C88*D88 -> 0
E89: =C89*D89 -> 0
E90: =C90*D90 -> 0
E91: =C91*D91 -> 0
E92: =C92*D92 -> 0
... E129: =C129*D129 -> 0
E199: =SUM(E3:E198) -> 190584000 | G199: =SUM(G3:G198) -> 169862500

Sheet 2021 хисобот 1
A1: Реализация | F1: Касса | I1: Баланс
A2: Число | B2: Модел | C2: Сони | D2: Нархи | E2: Сумма | F2: Число | G2: Сумма | I2: Остатка сумма
A3: Остатка сумма олдинги | E3: 13091000 | F3: 44404 | G3: 6270000 | I3: =E199-G199 -> 21818000
A4: 44404 | B4: тигр полестр | C4: 98 | D4: 33000 | E4: =C4*D4 -> 3234000 | F4: 44405 | G4: 3850000
A5: 44404 | B5: очки шапка | C5: 98 | D5: 33500 | E5: =C5*D5 -> 3283000 | F5: 44406 | G5: 7000000
A6: 44404 | B6: айик каллалар | C6: 2 | D6: 33000 | E6: =C6*D6 -> 66000 | F6: 44407 | G6: 1335000 | I6: остатка товар. | J6: =ост.охири!F5 -> 35376000
A7: 44405 | B7: тигр полестр | C7: 22 | D7: 33000 | E7: =C7*D7 -> 726000 | F7: 44408 | G7: 2665000
A8: 44405 | B8: шим двойка | C8: 50 | D8: 35000 | E8: =C8*D8 -> 1750000 | F8: 44409 | G8: 7420000 | I8: Фарки | J8: =I3-J6 -> -13558000
A9: 44405 | B9: очки шапка | C9: 38 | D9: 33500 | E9: =C9*D9 -> 1273000
A10: 44406 | B10: очки шапка | C10: 180 | D10: 33500 | E10: =C10*D10 -> 6030000 | F10: 44411 | G10: 4350000
A11: 44407 | B11: очки шапка | C11: 20 | D11: 33500 | E11: =C11*D11 -> 670000 | F11: 44412 | G11: 11200000 | I11: скидка
A12: 44407 | B12: тигр полестр | C12: 80 | D12: 33000 | E12: =C12*D12 -> 2640000 | F12: 44413 | G12: 2580000
A13: 44408 | B13: очки шапка | C13: 80 | D13: 33500 | E13: =C13*D13 -> 2680000 | F13: 44414 | G13: 1440000
A14: 44408 | B14: тигр полестр | C14: 18 | D14: 33000 | E14: =C14*D14 -> 594000 | F14: 44415 | G14: 935000
A15: 44409 | B15: тигр полестр | C15: =11*6+240 -> 306 | D15: 33000 | E15: =C15*D15 -> 10098000 | F15: 44416 | G15: 7121500
A16: 44409 | B16: очки шапка | C16: =12*6+2 -> 74 | D16: 33500 | E16: =C16*D16 -> 2479000
A17: 44409 | B17: айик каллалар | C17: =24*6+30 -> 174 | D17: 33000 | E17: =C17*D17 -> 5742000 | F17: 44418 | G17: 8000000
E18: =C18*D18 -> 0 | F18: 44419 | G18: 5440000
A19: 44410 | B19: шим двойка | C19: 20 | D19: 35000 | E19: =C19*D19 -> 700000 | F19: 44420 | G19: 1825000
A20: 44410 | B20: очки шапка | C20: 60 | D20: 33500 | E20: =C20*D20 -> 2010000 | F20: 44421 | G20: 1500000
A21: 44410 | B21: тигр полестр | C21: 4 | D21: 33000 | E21: =C21*D21 -> 132000 | F21: 44422 | G21: 3700000
A22: 44410 | B22: айик каллалар | C22: 22 | D22: 33000 | E22: =C22*D22 -> 726000 | F22: 44423 | G22: 6049000
A23: 44411 | B23: тигр полестр | C23: 20 | D23: 33000 | E23: =C23*D23 -> 660000
A24: 44411 | B24: айик каллалар | C24: 4 | D24: 33000 | E24: =C24*D24 -> 132000 | F24: 44425 | G24: 3500000
A25: 44412 | B25: шим двойка | C25: =20*6+4 -> 124 | D25: 35000 | E25: =C25*D25 -> 4340000 | F25: 44426 | G25: 2405000
A26: 44413 | B26: очки шапка | C26: =31*2+10 -> 72 | D26: 33500 | E26: =C26*D26 -> 2412000 | F26: 44427 | G26: 4860000
A27: 44413 | B27: тигр полестр | C27: 15 | D27: 33000 | E27: =C27*D27 -> 495000 | F27: 44428 | G27: 11000000
A28: 44413 | B28: шим двойка | C28: 6 | D28: 35000 | E28: =C28*D28 -> 210000 | F28: 44429 | G28: 5589000
A29: 44413 | B29: айик каллалар | C29: 20 | D29: 33000 | E29: =C29*D29 -> 660000 | F29: 44430 | G29: 3559000
A30: 44414 | B30: очки шапка | C30: 72 | D30: 33500 | E30: =C30*D30 -> 2412000
A31: 44415 | B31: айик каллалар | C31: 106 | D31: 33000 | E31: =C31*D31 -> 3498000 | F31: 44432 | G31: 1330000
A32: 44415 | B32: тигр полестр | C32: 216 | D32: 33000 | E32: =C32*D32 -> 7128000 | F32: 44433 | G32: 5850000
A33: 44415 | B33: очки шапка | C33: 194 | D33: 33500 | E33: =C33*D33 -> 6499000 | F33: 44434 | G33: 6450000
E34: =C34*D34 -> 0 | F34: 44435 | G34: 3050000
A35: 44417 | B35: шим двойка | C35: 64 | D35: 35000 | E35: =C35*D35 -> 2240000 | F35: 44436 | G35: 1850000
A36: 44418 | B36: очки шапка | C36: 18 | D36: 33500 | E36: =C36*D36 -> 603000 | F36: 44437 | G36: 8117500
A37: 44418 | B37: айик каллалар | C37: 26 | D37: 33000 | E37: =C37*D37 -> 858000
A38: 44418 | B38: шим двойка | C38: 13 | D38: 35000 | E38: =C38*D38 -> 455000 | F38: 44439 | G38: 7665000
A39: 44419 | B39: тигр полестр | C39: 104 | D39: 33000 | E39: =C39*D39 -> 3432000 | F39: 44440 | G39: 6200000
A40: 44419 | B40: очки шапка | C40: 16 | D40: 33500 | E40: =C40*D40 -> 536000 | F40: 44441 | G40: 2880000
A41: 44419 | B41: супер куён кўйлак | C41: 78 | D41: 32000 | E41: =C41*D41 -> 2496000 | F41: 44442 | G41: 4440000
A42: 44421 | B42: тигр полестр | C42: =9*6+4 -> 58 | D42: 33000 | E42: =C42*D42 -> 1914000 | F42: 44443 | G42: 4250000
A43: 44421 | B43: айик каллалар | C43: =9*6+2 -> 56 | D43: 33000 | E43: =C43*D43 -> 1848000 | G43: 2880000 | H43: воз. лайкрала
A44: 44422 | B44: тигр полестр | C44: 52 | D44: 33000 | E44: =C44*D44 -> 1716000 | F44: 44444 | G44: 1892000
A45: 44422 | B45: айик каллалар | C45: 162 | D45: 33000 | E45: =C45*D45 -> 5346000
A46: 44422 | B46: очки шапка | C46: 18 | D46: 33500 | E46: =C46*D46 -> 603000 | F46: 44446 | G46: 3800000
E47: =C47*D47 -> 0 | F47: 44447 | G47: 6003000
A48: 44426 | B48: шим двойка | C48: 208 | D48: 35000 | E48: =C48*D48 -> 7280000 | F48: 44448 | G48: =3070000+7500000 -> 10570000
A49: 44427 | B49: тигр полестр | C49: =48*6+4 -> 292 | D49: 33000 | E49: =C49*D49 -> 9636000 | F49: 44449 | G49: 1400000
A50: 44429 | B50: шим двойка | C50: 30 | D50: 35500 | E50: =C50*D50 -> 1065000 | F50: 44450 | G50: 3330000
A51: 44429 | B51: супер куён кўйлак | C51: 12 | D51: 32000 | E51: =C51*D51 -> 384000 | F51: 44451 | G51: 9555000
A52: 44429 | B52: микки ўгил киз | C52: =24+18 -> 42 | D52: 23000 | E52: =C52*D52 -> 966000
A53: 44429 | B53: микки МХ | C53: 14 | D53: 23000 | E53: =C53*D53 -> 322000 | F53: 44453 | G53: 7840000
A54: 44429 | B54: микки капишон | C54: 16 | D54: 25000 | E54: =C54*D54 -> 400000 | F54: 44454 | G54: 3775000
E55: =C55*D55 -> 0 | F55: 44455 | G55: 840000
A56: 44431 | B56: микки капишон | C56: 14 | D56: 25000 | E56: =C56*D56 -> 350000 | F56: 44456 | G56: 1000000
A57: 44431 | B57: микки ўгил киз | C57: 20 | D57: 23000 | E57: =C57*D57 -> 460000 | F57: 44457 | G57: 5550000
A58: 44431 | B58: адидас полестр | C58: 6 | D58: 30000 | E58: =C58*D58 -> 180000 | F58: 44458 | G58: 630000
A59: 44432 | B59: айик калла | C59: 78 | D59: 33000 | E59: =C59*D59 -> 2574000
A60: 44432 | B60: тигр полестр | C60: 96 | D60: 33000 | E60: =C60*D60 -> 3168000 | F60: 44460 | G60: 10000000
A61: 44433 | B61: тигр полестр | C61: 160 | D61: 33000 | E61: =C61*D61 -> 5280000 | F61: 44461 | G61: 5750000
A62: 44433 | B62: шим двойка | C62: 78 | D62: 35000 | E62: =C62*D62 -> 2730000 | F62: 44462 | G62: 700000
A63: 44434 | B63: тигр полестр | C63: 142 | D63: 33000 | E63: =C63*D63 -> 4686000 | F63: 44463 | G63: 1100000
A64: 44434 | B64: айик калла | C64: =10+54 -> 64 | D64: 33000 | E64: =C64*D64 -> 2112000 | F64: 44464 | G64: 4550000
A65: 44434 | B65: очки шапка | C65: 6 | D65: 33500 | E65: =C65*D65 -> 201000 | F65: 44465 | G65: 400000
A66: 44434 | B66: шим двойка | C66: 30 | D66: 35000 | E66: =C66*D66 -> 1050000
A67: 44436 | B67: тигр полестр | C67: 212 | D67: 33000 | E67: =C67*D67 -> 6996000 | F67: 44467 | G67: 9575000
A68: 44436 | B68: шим двойка | C68: 116 | D68: 35000 | E68: =C68*D68 -> 4060000 | F68: 44468 | G68: 5540000
A69: 44436 | B69: айик калла | C69: 112 | D69: 33000 | E69: =C69*D69 -> 3696000 | F69: 44469 | G69: 6800000
B70: н | E70: =C70*D70 -> 0 | F70: 44470 | G70: 1500000
A71: 44438 | B71: тигр полестр | C71: 14 | D71: 33000 | E71: =C71*D71 -> 462000 | F71: 44471 | G71: 6685000
A72: 44438 | B72: адидас полестр | C72: 15 | D72: 30000 | E72: =C72*D72 -> 450000 | F72: 44472 | G72: 9741000 | H72: возврат
A73: 44438 | B73: микки капишон | C73: 48 | D73: 25000 | E73: =C73*D73 -> 1200000 | G73: =7775000 -> 7775000
A74: 44438 | B74: микки ўгил киз | C74: 12 | D74: 23000 | E74: =C74*D74 -> 276000
A75: 44439 | B75: тигр полестр | C75: =28*6+22 -> 190 | D75: 33000 | E75: =C75*D75 -> 6270000
A76: 44439 | B76: айик калла | C76: =8*6+4 -> 52 | D76: 33000 | E76: =C76*D76 -> 1716000
A77: 44439 | B77: шим двойка | C77: =2*6+4+48 -> 64 | D77: 35000 | E77: =C77*D77 -> 2240000
A78: 44441 | B78: шим двойка | C78: 80 | D78: 35000 | E78: =C78*D78 -> 2800000
A79: 44442 | B79: шим двойка | C79: 106 | D79: 35000 | E79: =C79*D79 -> 3710000
A80: 44443 | B80: айик калла | C80: 6 | D80: 33000 | E80: =C80*D80 -> 198000
A81: 44443 | B81: очки шапка | C81: 2 | D81: 33500 | E81: =C81*D81 -> 67000
B82: 1
A83: 44445 | B83: шим двойка | C83: 90 | D83: 35000 | E83: =C83*D83 -> 3150000
A84: 44445 | B84: айик калла | C84: 28 | D84: 33000 | E84: =C84*D84 -> 924000
A85: 44446 | B85: шим двойка | C85: =14*6+2 -> 86 | D85: 35000 | E85: =C85*D85 -> 3010000
A86: 44446 | B86: ари полестр | C86: 66 | D86: 33500 | E86: =C86*D86 -> 2211000
A87: 44447 | B87: тигр полестр | C87: =50+94 -> 144 | D87: 33000 | E87: =C87*D87 -> 4752000
A88: 44447 | B88: ари полестр | C88: 28 | D88: 33500 | E88: =C88*D88 -> 938000
A89: 44448 | B89: тигр полестр | C89: =22*6 -> 132 | D89: 33000 | E89: =C89*D89 -> 4356000
A90: 44449 | B90: айик калла | C90: 60 | D90: 33000 | E90: =C90*D90 -> 1980000
A91: 44449 | B91: ари полестр | C91: =6*6+4 -> 40 | D91: 33500 | E91: =C91*D91 -> 1340000
A92: 44450 | B92: шим двойка | C92: 156 | D92: 35000 | E92: =C92*D92 -> 5460000
A93: 44450 | B93: айик калла | C93: 60 | D93: 33000 | E93: =C93*D93 -> 1980000
B94: о | E94: =C94*D94 -> 0
A95: 44452 | B95: тигр полестр | C95: 60 | D95: 33000 | E95: =C95*D95 -> 1980000
A96: 44452 | B96: шим двойка | C96: 64 | D96: 35000 | E96: =C96*D96 -> 2240000
A97: 44452 | B97: тишли | C97: 60 | D97: 35000 | E97: =C97*D97 -> 2100000
A98: 44452 | B98: микки капишон | C98: 12 | D98: 25000 | E98: =C98*D98 -> 300000
A99: 44452 | B99: микки МХ | C99: 7 | D99: 23000 | E99: =C99*D99 -> 161000
A100: 44452 | B100: микки ўгил киз | C100: 19 | D100: 23000 | E100: =C100*D100 -> 437000
...

Sheet ост. охирги архив
A2: Модел | B2: Сони | C2: Нархи | D2: Сумма
E3: об.берилган | F3: ='2021 хисобот 1'!I3 -> 21818000
A4: тигр полестр | B4: 296 | C4: 33000 | D4: =B4*C4 -> 9768000
A5: юлдузча | B5: 112 | C5: 46000 | D5: =B5*C5 -> 5152000 | E5: об.остатка | F5: =D32 -> 24962000
A6: супер куйлак | B6: 5 | C6: 32000 | D6: =B6*C6 -> 160000
A7: куён тройка | C7: 32000 | D7: =B7*C7 -> 0
A8: майка маймун | C8: 11000 | D8: =B8*C8 -> 0 | E8: разница | F8: =F3-F5 -> -3144000
A9: тишли полестр | B9: 84 | C9: 35000 | D9: =B9*C9 -> 2940000
A10: очки шапка | B10: 26 | C10: 33500 | D10: =B10*C10 -> 871000
A11: коф.Тарвуз | C11: 13000 | D11: =B11*C11 -> 0
A12: крокадил лайкра | C12: 26000 | D12: =B12*C12 -> 0
A13: соол, айик | B13: 12 | C13: 33000 | D13: =B13*C13 -> 396000
A14: очки двойка | B14: 25 | C14: 34000 | D14: =B14*C14 -> 850000
A15: капалак айик поч. | C15: 24000 | D15: =B15*C15 -> 0
A16: ари полестр | B16: 22 | C16: 33500 | D16: =B16*C16 -> 737000
A17: шим двойка | C17: 35000 | D17: =B17*C17 -> 0
A18: микки ўгил киз | B18: 14 | C18: 23000 | D18: =B18*C18 -> 322000
A19: адидас пол. 3 раз. | C19: 30000 | D19: =B19*C19 -> 0
A20: микки МХ | C20: 23000 | D20: =B20*C20 -> 0
A21: айик калла полестр | B21: 13 | C21: 33000 | D21: =B21*C21 -> 429000
A22: тигр лайкра | C22: 28000 | D22: =B22*C22 -> 0
A23: крокодил | B23: 12 | C23: 32000 | D23: =B23*C23 -> 384000
A24: смайл джинси | C24: 28000 | D24: =B24*C24 -> 0
A25: фут.крокодил | B25: 15 | C25: 15000 | D25: =B25*C25 -> 225000
A26: шамка | D26: 320000
A27: возврат сумма | D27: =B27*C27 -> 0
A28: илхом | D28: =488000+1000000 -> 1488000
A29: хикмат | D29: 210000
A30: уйда | D30: 570000
A31: доначи | D31: 140000
D32: =SUM(D3:D31) -> 24962000
D199: 41415000

Sheet кунлик ост.
A2: Модел | B2: Сони | C2: ост. | D2: сотилган | E2: Нархи | F2: Сумма
G3: об.берилган | H3: ='2021 хисобот 1'!I3 -> 21818000
A4: тигр полестр | B4: =2+60 -> 62 | C4: 8 | D4: =B4-C4 -> 54 | E4: 33000 | F4: =D4*E4 -> 1782000
A5: супер куйлак | E5: 32000 | G5: об.остатка | H5: =F32 -> 11029000
A6: супер куйлак | B6: 5 | E6: 32000
A7: куён тройка | E7: 32000
A8: майка маймун | E8: 11000 | G8: разница | H8: =H3-H5 -> 10789000
A9: тишли полестр | B9: =184+8 -> 192 | C9: 118 | D9: =B9-C9 -> 74 | E9: 35000 | F9: =D9*E9 -> 2590000
A10: очки шапка | B10: 38 | C10: 28 | D10: =B10-C10 -> 10 | E10: 33500 | F10: =D10*E10 -> 335000
A11: коф.Тарвуз | E11: 13000
A12: крокадил лайкра | E12: 26000
A13: соол, айик | B13: 14 | E13: 33000
A14: очки двойка | B14: 29 | E14: 34000
A15: капалак айик поч. | E15: 24000
A16: ари полестр | B16: =46+82 -> 128 | C16: 40 | D16: =B16-C16 -> 88 | E16: 33500 | F16: =D16*E16 -> 2948000
A17: шим двойка | B17: =52+76 -> 128 | C17: 40 | D17: =B17-C17 -> 88 | E17: 35000 | F17: =D17*E17 -> 3080000
A18: микки ўгил киз | B18: 13 | E18: 23000
A19: адидас пол. 3 раз. | E19: 30000
A20: микки МХ | E20: 23000
A21: айик калла полестр | B21: 20 | C21: 14 | D21: =B21-C21 -> 6 | E21: 33000 | F21: =D21*E21 -> 198000
A22: тигр лайкра | E22: 28000
A23: крокодил | B23: 15 | C23: 12 | D23: =B23-C23 -> 3 | E23: 32000 | F23: =D23*E23 -> 96000
A24: смайл джинси | E24: 28000
A25: фут.крокодил | B25: 15 | E25: 15000
A26: шамка
A27: возврат сумма
A28: илхом
A29: тожик
A30: уйда
A31: доначи
F32: =SUM(F3:F31) -> 11029000
F199: 41415000

Sheet ост.янги архив
A2: Модел | B2: Сони | C2: Нархи | D2: Сумма
E3: об.берилган | F3: ='2021 хисобот 1'!I3 -> 21818000
A4: тигр полестр | B4: 234 | C4: 33000 | D4: =B4*C4 -> 7722000
A5: супер куйлак | B5: 10 | C5: 32000 | D5: =B5*C5 -> 320000 | E5: об.остатка | F5: =D32 -> 25772000
A6: супер куйлак | B6: 42 | C6: 32000 | D6: =B6*C6 -> 1344000
A7: куён тройка | B7: 20 | C7: 32000 | D7: =B7*C7 -> 640000
A8: майка маймун | C8: 11000 | D8: =B8*C8 -> 0 | E8: разница | F8: =F3-F5 -> -3954000
A9: ловет двойка | B9: 16 | C9: 25000 | D9: =B9*C9 -> 400000
A10: очки шапка | B10: 50 | C10: 33500 | D10: =B10*C10 -> 1675000
A11: коф.Тарвуз | C11: 13000 | D11: =B11*C11 -> 0
A12: крокадил лайкра | B12: 34 | C12: 26000 | D12: =B12*C12 -> 884000
A13: соол, айик | B13: 18 | C13: 33000 | D13: =B13*C13 -> 594000
A14: очки двойка | B14: 38 | C14: 34000 | D14: =B14*C14-67000 -> 1225000
A15: капалак айик поч. | B15: 2 | C15: 24000 | D15: =B15*C15 -> 48000
A16: ромашка | B16: 12 | C16: 24000 | D16: =B16*C16 -> 288000
A17: шим двойка | B17: 28 | C17: 35000 | D17: =B17*C17 -> 980000
A18: микки ўгил киз | B18: 10 | C18: 23000 | D18: =B18*C18 -> 230000
A19: лол минни | B19: 18 | C19: 20000 | D19: =B19*C19 -> 360000
A20: микки МХ | B20: 14 | C20: 23000 | D20: =B20*C20 -> 322000
A21: айик калла полестр | B21: 145 | C21: 33000 | D21: =B21*C21 -> 4785000
A22: тигр лайкра | B22: 10 | C22: 28000 | D22: =B22*C22 -> 280000
A23: крокодил | B23: 15 | C23: 32000 | D23: =B23*C23 -> 480000
A24: смайл джинси | B24: 2 | C24: 28000 | D24: =B24*C24 -> 56000
A25: фут.крокодил | B25: 15 | C25: 15000 | D25: =B25*C25 -> 225000
A26: шамка | D26: 320000
A27: возврат сумма | D27: =B27*C27 -> 0
A28: илхом | D28: =488000+1000000 -> 1488000
A29: хуршид | D29: 400000
A30: уйда | D30: 570000
A31: доначи | D31: 136000
D32: =SUM(D3:D31) -> 25772000
D199: 41415000

Sheet Возврат лайкра
A1: Модел | B1: Сони | C1: Нархи | D1: Сумма
E2: об.берилган | F2: 51980000
A3: тигр полестр | C3: 33000
A4: супер куйлак | C4: 32000 | E4: об.остатка | F4: 28483000
A5: лион шортик | B5: 81 | C5: 21000 | D5: =B5*C5 -> 1701000
A6: куён тройка | C6: 32000
A7: майка маймун | B7: 69 | C7: 11000 | D7: =B7*C7 -> 759000 | E7: разница | F7: 23497000
A8: ловет двойка | C8: 25000
A9: очки шапка | C9: 33500
A10: коф.Тарвуз | B10: 273 | C10: 13000 | D10: =B10*C10 -> 3549000
A11: крокадил лайкра | C11: 26000
A12: соол, айик | C12: 33000
A13: очки двойка | C13: 34000
A14: капалак айик поч. | C14: 24000
A15: ромашка | B15: =77*2 -> 154 | C15: 24000 | D15: =B15*C15 -> 3696000
A16: айик капалак веш. | B16: 24 | C16: 24000 | D16: =B16*C16 -> 576000
A17: тоника | B17: =18*3 -> 54 | C17: 17000 | D17: =B17*C17 -> 918000
A18: лол минни | B18: =73*2 -> 146 | C18: 20000 | D18: =B18*C18 -> 2920000
A19: горох двойка | B19: =44*2 -> 88 | C19: 24000 | D19: =B19*C19 -> 2112000
A20: айик калла полестр | C20: 33000
A21: тигр лайкра | C21: 28000
A22: крокодил | C22: 32000
A23: смайл джинси | C23: 28000
A24: фут.крокодил | C24: 15000
D198: 41415000

Sheet Реализация 2
A1: Реализация | F1: Касса | I1: Баланс
A2: Число | B2: Модел | C2: Сони | D2: Нархи | E2: Сумма | F2: Число | G2: Сумма | I2: Остатка сумма
A3: Остатка сумма олдинги | E3: 26928500 | F3: 44313 | G3: 2900000 | I3: =E199-G199 -> 13091000
A4: 44312 | B4: микки ловет | C4: 136 | D4: 28000 | E4: =C4*D4 -> 3808000 | F4: 44314 | G4: 4060000
A5: 44312 | B5: куён тройка | C5: 2 | D5: 35000 | E5: =C5*D5 -> 70000 | F5: 44315 | G5: 3400000
A6: 44312 | B6: баскетбол | C6: 2 | D6: 28000 | E6: =C6*D6 -> 56000 | F6: 44316 | G6: 780000 | I6: остатка товар. | J6: ='ост.янги архив'!F5 -> 25772000
A7: 44312 | B7: тигр лайкра | C7: 4 | D7: 30000 | E7: =C7*D7 -> 120000 | F7: 44317 | G7: 3212000
A8: 44312 | B8: лол мини | C8: 50 | D8: 27000 | E8: =C8*D8 -> 1350000 | F8: 44318 | G8: 4870000 | I8: Фарки | J8: =I3-J6 -> -12681000
A9: 44313 | B9: тигр лайкра | C9: 42 | D9: 30000 | E9: =C9*D9 -> 1260000
A10: 44314 | B10: тигр лайкра | C10: 182 | D10: 30000 | E10: =C10*D10 -> 5460000 | F10: 44320 | G10: 8131000
A11: 44314 | B11: лол мини | C11: 84 | D11: 27000 | E11: =C11*D11 -> 2268000 | F11: 44321 | G11: 4000000 | I11: скидка
A12: 44316 | B12: тигр лайкра | C12: 146 | D12: 30000 | E12: =C12*D12 -> 4380000 | F12: 44322 | G12: 6000000
A13: 44316 | B13: лол мини | C13: 5 | D13: 27000 | E13: =C13*D13 -> 135000 | F13: 44322 | G13: 275000 | H13: пластик
A14: 44316 | B14: горох лол | C14: 128 | D14: 27000 | E14: =C14*D14 -> 3456000 | F14: 44323 | G14: 560000
A15: 44317 | B15: крокодил | C15: 50 | D15: 28000 | E15: =C15*D15 -> 1400000 | F15: 44324 | G15: 5335000
F16: 44325 | G16: 8950000
A17: 44320 | B17: горох двойка | C17: 108 | D17: 27000 | E17: =C17*D17 -> 2916000
A18: 44322 | B18: горох двойка | C18: 204 | D18: 27000 | E18: =C18*D18 -> 5508000 | F18: 44327 | G18: 3900000
A19: 44323 | B19: горох двойка | C19: 142 | D19: 27000 | E19: =C19*D19 -> 3834000 | F19: 44328 | G19: 9555000
A20: 44323 | B20: крокодил | C20: 36 | D20: 28000 | E20: =C20*D20 -> 1008000 | F20: 44332 | G20: 5011500
A21: 44324 | B21: горох двойка | C21: 168 | D21: 27000 | E21: =C21*D21 -> 4536000
A22: 44324 | B22: крокодил | C22: 6 | D22: 28000 | E22: =C22*D22 -> 168000 | F22: 44334 | G22: 7000000
A23: 44324 | B23: ромашка | C23: 170 | D23: 28000 | E23: =C23*D23 -> 4760000 | F23: 44335 | G23: 2000000
F24: 44336 | G24: 7850000
A25: 44326 | B25: ромашка | C25: 98 | D25: 28000 | E25: =C25*D25 -> 2744000 | F25: 44337 | G25: 1450000
A26: 44326 | B26: крокодил | C26: 72 | D26: 28000 | E26: =C26*D26 -> 2016000 | F26: 44338 | G26: 1900000
A27: 44327 | B27: горох двойка | C27: 152 | D27: 27000 | E27: =C27*D27 -> 4104000 | F27: 44339 | G27: 10853500
A28: 44327 | B28: тигр лайкра | C28: 60 | D28: 30000 | E28: =C28*D28 -> 1800000 | F28: 44339 | G28: 1080000 | H28: лол мини туширилган
A29: 44331 | B29: горох двойка | C29: 176 | D29: 27000 | E29: =C29*D29 -> 4752000
F30: 44433 | G30: 4860000
A31: 44334 | B31: ромашка | C31: 200 | D31: 28000 | E31: =C31*D31 -> 5600000 | F31: 44342 | G31: 2850000
A32: 44334 | B32: горох двойка | C32: 58 | D32: 27000 | E32: =C32*D32 -> 1566000 | F32: 44343 | G32: 5700000
A33: 44335 | B33: горох двойка | C33: 80 | D33: 27000 | E33: =C33*D33 -> 2160000 | F33: 44344 | G33: 300000
A34: 44336 | B34: ромашка | C34: =24*6 -> 144 | D34: 28000 | E34: =C34*D34 -> 4032000 | F34: 44345 | G34: 775000
A35: 44336 | B35: горох двойка | C35: =13*6+3 -> 81 | D35: 27000 | E35: =C35*D35 -> 2187000 | F35: 44346 | G35: 2679000
A36: 44336 | B36: тигр лайкра | C36: 188 | D36: 30000 | E36: =C36*D36 -> 5640000
A37: 44336 | B37: крокадил | C37: 2 | D37: 28000 | E37: =C37*D37 -> 56000 | F37: 44348 | G37: 3432000
A38: 44337 | B38: тигр лайкра | C38: 182 | D38: 30000 | E38: =C38*D38 -> 5460000 | F38: 44349 | G38: 1400000
A39: 44338 | B39: горох двойка | C39: 120 | D39: 27000 | E39: =C39*D39 -> 3240000 | F39: 44350 | G39: 3300000
A40: 44339 | B40: крокадил | C40: =23*6 -> 138 | D40: 28000 | E40: =C40*D40 -> 3864000 | F40: 44351 | G40: 500000
A41: 44339 | B41: горох двойка | C41: =18*6+2 -> 110 | D41: 27000 | E41: =C41*D41 -> 2970000 | F41: 44352 | G41: 815000
A42: 44339 | B42: ромашка | C42: 246 | D42: 28000 | E42: =C42*D42 -> 6888000 | F42: 44353 | G42: 2773500
A44: 44342 | B44: ромашка | C44: =11*6+2 -> 68 | D44: 28000 | E44: =C44*D44 -> 1904000 | F44: 44355 | G44: =1960000+279000 -> 2239000
A45: 44342 | B45: тигр лайкра | C45: 92 | D45: 30000 | E45: =C45*D45 -> 2760000 | F45: 44356 | G45: 1300000
A46: 44343 | B46: тигр лайкра | C46: =7*6+4 -> 46 | D46: 30000 | E46: =C46*D46 -> 1380000 | F46: 44357 | G46: 1650000
A47: 44343 | B47: крокадил | C47: 34 | D47: 28000 | E47: =C47*D47 -> 952000 | F47: 44358 | G47: 680000
A48: 44343 | B48: горох двойка | C48: 30 | D48: 27000 | E48: =C48*D48 -> 810000 | F48: 44359 | G48: 800000
A49: 44345 | B49: горох двойка | C49: =30*6 -> 180 | D49: 27000 | E49: =C49*D49 -> 4860000 | F49: 44360 | G49: 5990000
A50: 44345 | B50: тигр лайкра | C50: =31*6 -> 186 | D50: 30000 | E50: =C50*D50 -> 5580000
A51: 44344 | B51: горох двойка | C51: =11*6 -> 66 | D51: 27000 | E51: =C51*D51 -> 1782000 | F51: 44362 | G51: 1475000
F52: 44363 | G52: 3150000
A53: 44348 | B53: тигр лайкра | C53: 26 | D53: 30000 | E53: =C53*D53 -> 780000 | F53: 44364 | G53: 3232000
A54: 44349 | B54: тигр лайкра | C54: 60 | D54: 30000 | E54: =C54*D54 -> 1800000 | F54: 44365 | G54: 1650000
A55: 44349 | B55: айик капалак | C55: 50 | D55: 27000 | E55: =C55*D55 -> 1350000 | F55: 44367 | G55: 351000
A56: 44319 | B56: горох двойка | C56: 26 | D56: 27000 | E56: =C56*D56 -> 702000
A57: 44350 | B57: айик капалак | C57: 46 | D57: 27000 | E57: =C57*D57 -> 1242000 | F57: 44369 | G57: 3082000 | H57: скидка
A58: 44351 | B58: горох двойка | C58: 50 | D58: 27000 | E58: =C58*D58 -> 1350000 | F58: 44369 | G58: =420000+1850000 -> 2270000
A59: 44353 | B59: тигр лайкра | C59: 278 | D59: 30000 | E59: =C59*D59 -> 8340000 | F59: 44370 | G59: 400000
F60: 44371 | G60: 1000000
A61: 44358 | B61: кофта тарвуз | C61: 123 | D61: 14000 | E61: =C61*D61 -> 1722000 | F61: 44372 | G61: 1030000
A62: 44358 | B62: капалак айик почка | C62: 116 | D62: 24000 | E62: =C62*D62 -> 2784000 | F62: 44373 | G62: 450000
A63: 44360 | B63: кофта тарвуз | C63: =86*3 -> 258 | D63: 14000 | E63: =C63*D63 -> 3612000 | F63: 44374 | G63: 2881000
A64: 44360 | B64: лион шортик | C64: =46*3 -> 138 | D64: 23000 | E64: =C64*D64 -> 3174000
F65: 44377 | G65: 1265000
A66: 44362 | B66: лион шортик | C66: 90 | D66: 23000 | E66: =C66*D66 -> 2070000 | F66: 44378 | G66: 620000
A67: 44363 | B67: айик кофта | C67: 156 | D67: 13500 | E67: =C67*D67 -> 2106000 | F67: 44379 | G67: 110000
A68: 44364 | B68: тигр лайкра | C68: 120 | D68: 30000 | E68: =C68*D68 -> 3600000 | F68: 44381 | G68: 840000
A69: 44367 | B69: тигр лайкра | C69: =18*6 -> 108 | D69: 30000 | E69: =C69*D69 -> 3240000 | F69: 44383 | G69: 620000
A70: 44367 | B70: майка маймун | C70: =120+54 -> 174 | D70: 11000 | E70: =C70*D70 -> 1914000 | F70: 44384 | G70: 1100000
A71: 44363 | B71: тигр лайкра | C71: 92 | D71: 30000 | E71: =C71*D71 -> 2760000 | F71: 44387 | G71: 1040000
F72: 44388 | G72: 8427000
A73: 44374 | B73: тигр лайкра | C73: 88 | D73: 28000 | E73: =C73*D73 -> 2464000
F74: 44390 | G74: 5050000
A75: 44385 | B75: тигр лайкра | C75: 16 | D75: 28000 | E75: =C75*D75 -> 448000 | F75: 44391 | G75: 4565000
A76: 44386 | B76: тигр полестр | C76: 24 | D76: 33000 | E76: =C76*D76 -> 792000 | F76: 44392 | G76: 4250000
A77: 44386 | B77: айик калла | C77: 26 | D77: 33000 | E77: =C77*D77 -> 858000 | F77: 44393 | G77: 50000
A78: 44386 | B78: очки шапка | C78: 20 | D78: 33500 | E78: =C78*D78 -> 670000 | F78: 44394 | G78: 1400000
A79: 44387 | B79: тигр полестр | C79: =35*2 -> 70 | D79: 33000 | E79: =C79*D79 -> 2310000 | F79: 44395 | G79: 11697000
A80: 44387 | B80: айик калла | C80: =50*2 -> 100 | D80: 33000 | E80: =C80*D80 -> 3300000
A81: 44387 | B81: очки шапка | C81: 92 | D81: 33500 | E81: =C81*D81 -> 3082000 | F81: 44398 | G81: 660000
F82: 44399 | G82: 2035000
A83: 44390 | B83: айик калла | C83: =28*2 -> 56 | D83: 33000 | E83: =C83*D83 -> 1848000 | F83: 44401 | G83: 5090000
A84: 44390 | B84: тигр полестр | C84: =19*2 -> 38 | D84: 33000 | E84: =C84*D84 -> 1254000 | F84: 44402 | G84: 16231000 | H84: возврат лайкра
A85: 44390 | B85: очки шапка | C85: =12*2 -> 24 | D85: 33500 | E85: =C85*D85 -> 804000 | F85: 44402 | G85: 14873000
A86: 44391 | B86: тигр полестр | C86: 102 | D86: 33000 | E86: =C86*D86 -> 3366000
A87: 44392 | B87: тигр полестр | C87: 154 | D87: 33000 | E87: =C87*D87 -> 5082000
A88: 44394 | B88: тигр полестр | C88: =32*6+4+108 -> 304 | D88: 33000 | E88: =C88*D88 -> 10032000
A89: 44394 | B89: айик калла | C89: 2 | D89: 33000 | E89: =C89*D89 -> 66000
A90: 44394 | B90: очки шапка | C90: =60+64 -> 124 | D90: 33500 | E90: =C90*D90 -> 4154000
A92: 44399 | B92: айик калла | C92: =10-8 -> 2 | D92: 33000 | E92: =C92*D92 -> 66000
A93: 44399 | B93: очки шапка | C93: 6 | D93: 33500 | E93: =C93*D93 -> 201000
A94: 44401 | B94: очки шапка | C94: =20*6 -> 120 | D94: 33500 | E94: =C94*D94 -> 4020000
A95: 44401 | B95: шим двойка | C95: =14*6+4 -> 88 | D95: 35500 | E95: =C95*D95 -> 3124000
A96: 44402 | B96: айик калла | C96: =25*6 -> 150 | D96: 33000 | E96: =C96*D96 -> 4950000
A97: 44402 | B97: очки шапка | C97: =16*6 -> 96 | D97: 33500 | E97: =C97*D97 -> 3216000
A98: 44402 | B98: тигр полестр | C98: =40*6 -> 240 | D98: 33000 | E98: =C98*D98 -> 7920000
E199: =SUM(E3:E198) -> 259101500 | G199: =SUM(G3:G198) -> 246010500

Sheet Реализация
A1: Реализация | F1: Касса | I1: Баланс
A2: Число | B2: Модел | C2: Сони | D2: Нархи | E2: Сумма | F2: Число | G2: Сумма | I2: Остатка сумма
A3: Остатка сумма олдинги | E3: 32079000 | F3: 44241 | G3: 432000 | H3: молда | I3: =E200-G200 -> 26928500
A4: 44242 | B4: шим двойка | C4: 50 | D4: 35000 | E4: =C4*D4 -> 1750000 | F4: 44243 | G4: 3830000
A5: 44242 | B5: супер куйлак | C5: 2 | D5: 32000 | E5: =C5*D5 -> 64000 | F5: 44243 | G5: 606000 | H5: молда
A6: 44242 | B6: супер двойка | C6: 46 | D6: 33000 | E6: =C6*D6 -> 1518000 | F6: 44244 | G6: 1130000 | I6: остатка товар. | J6: =#REF! -> #REF!
A7: 44244 | B7: капалак | C7: 94 | D7: 33000 | E7: =C7*D7 -> 3102000 | F7: 44245 | G7: 1720000
A8: 44246 | B8: супер куйлак | C8: 36 | D8: 32000 | E8: =C8*D8 -> 1152000 | F8: 44246 | G8: 1210000 | I8: Фарки | J8: =I3-J6 -> #REF!
A9: 44246 | B9: шим двойка | C9: 50 | D9: 35000 | E9: =C9*D9 -> 1750000 | F9: 44247 | G9: 600000
F10: 44248 | G10: =116000+2141000 -> 2257000
A11: 44250 | B11: смайлик двойка | C11: 20 | D11: 28000 | E11: =C11*D11 -> 560000 | F11: 44250 | G11: 1000000
A12: 44251 | B12: шим двойка | C12: 32 | D12: 35000 | E12: =C12*D12 -> 1120000 | F12: 44250 | G12: 2978000 | H12: мол. штабга
A13: 44251 | B13: футболка веш. | C13: 150 | D13: 15000 | E13: =C13*D13 -> 2250000 | F13: 44251 | G13: =530000+33000 -> 563000
A14: 44252 | B14: шим двойка | C14: 30 | D14: 35000 | E14: =C14*D14 -> 1050000 | F14: 44252 | G14: 1500000
A15: 44252 | B15: супер куйлак | C15: 4 | D15: 32000 | E15: =C15*D15 -> 128000 | F15: 44253 | G15: 400000
A16: 44252 | B16: кракадил/маймун | C16: 36 | D16: 32000 | E16: =C16*D16 -> 1152000 | F16: 44254 | G16: =198000+60000+100000+965000 -> 1323000
A17: 44253 | B17: кракадил/маймун | C17: 45 | D17: 32000 | E17: =C17*D17 -> 1440000 | F17: 44254 | G17: 35000
A18: 44253 | B18: капалак | C18: 40 | D18: 33000 | E18: =C18*D18 -> 1320000 | F18: 44255 | G18: 2447000
A19: 44254 | B19: супер куйлак | C19: 40 | D19: 32000 | E19: =C19*D19 -> 1280000
F20: 44257 | G20: =2820000+25000 -> 2845000
A21: 44257 | B21: капалак | C21: 56 | D21: 33000 | E21: =C21*D21 -> 1848000 | F21: 44258 | G21: 700000
A22: 44257 | B22: шим двойка | C22: 36 | D22: 35000 | E22: =C22*D22 -> 1260000 | F22: 44259 | G22: 7672000
A23: 44258 | B23: шим двойка | C23: 60 | D23: 35000 | E23: =C23*D23 -> 2100000 | F23: 44260 | G23: 2934000
A24: 44258 | B24: супер куйлак | C24: 54 | D24: 32000 | E24: =C24*D24 -> 1728000 | F24: 44261 | G24: 1598000
A25: 44259 | B25: шим двойка | C25: 40 | D25: 35000 | E25: =C25*D25 -> 1400000 | F25: 44262 | G25: 1068000 | H25: воз.участка
A26: 44259 | B26: капалак | C26: 22 | D26: 33000 | E26: =C26*D26 -> 726000 | F26: 44262 | G26: 328000 | H26: молда
A27: 44259 | B27: супер куйлак | C27: 6 | D27: 32000 | E27: =C27*D27 -> 192000 | F27: 44262 | G27: 4246000 | H27: касса
A28: 44260 | B28: супер куйлак | C28: 38 | D28: 32000 | E28: =C28*D28 -> 1216000
A29: 44260 | B29: шим двойка | C29: 20 | D29: 35000 | E29: =C29*D29 -> 700000 | F29: 44264 | G29: 3170000
A30: 44261 | B30: шим двойка | C30: 64 | D30: 35000 | E30: =C30*D30 -> 2240000 | F30: 44265 | G30: 2100000
A31: 44261 | B31: супер куйлак | C31: 41 | D31: 32000 | E31: =C31*D31 -> 1312000 | F31: 44266 | G31: 1320000
F32: 44267 | G32: 3700000
A33: 44263 | B33: шим двойка | C33: 58 | D33: 35000 | E33: =C33*D33 -> 2030000 | F33: 44268 | G33: 2830000
A34: 44264 | B34: супер куйлак | C34: 12 | D34: 32000 | E34: =C34*D34 -> 384000 | F34: 44269 | G34: 10918000
A35: 44264 | B35: супер куйлак | C35: 20 | D35: 31000 | E35: =C35*D35 -> 620000 | F35: 44271 | G35: 3800000
A36: 44264 | B36: шим двойка | C36: 10 | D36: 35000 | E36: =C36*D36 -> 350000 | F36: 44272 | G36: 7135000
A37: 44264 | B37: супер двойка | C37: 8 | D37: 33000 | E37: =C37*D37 -> 264000 | F37: 44273 | G37: 10205000
A38: 44264 | B38: супер двойка | C38: 10 | D38: 32000 | E38: =C38*D38 -> 320000 | F38: 44274 | G38: 1600000
A39: 44265 | B39: капалак | C39: 70 | D39: 33000 | E39: =C39*D39 -> 2310000 | F39: 44275 | G39: 800000
A40: 44265 | B40: супер двойка | C40: 16 | D40: 33000 | E40: =C40*D40 -> 528000 | F40: 44276 | G40: 9964000
A41: 44266 | B41: супер куйлак | C41: 12 | D41: 32000 | E41: =C41*D41 -> 384000
A42: 44266 | B42: капалак | C42: 2 | D42: 33000 | E42: =C42*D42 -> 66000 | F42: 44276 | G42: =12*38000 -> 456000 | H42: адидас олдим
A43: 44266 | B43: тигр | C43: 148 | D43: 33500 | E43: =C43*D43 -> 4958000 | F43: 44278 | G43: 3000000
A44: 44267 | B44: супер куйлак | C44: 80 | D44: 32000 | E44: =C44*D44 -> 2560000 | F44: 44279 | G44: 11065000
A45: 44267 | B45: супер двойка | C45: 1 | D45: 33000 | E45: =C45*D45 -> 33000 | F45: 44280 | G45: 3100000
A46: 44267 | B46: шим двойка | C46: 12 | D46: 35000 | E46: =C46*D46 -> 420000 | F46: 44465 | G46: 900000
A47: 44267 | B47: тигр | C47: 8 | D47: 33500 | E47: =C47*D47 -> 268000 | F47: 44282 | G47: 12500000
A48: 44268 | B48: капалак | C48: 80 | D48: 33000 | E48: =C48*D48 -> 2640000 | F48: 44283 | G48: 7332000
A49: 44268 | B49: шим двойка | C49: 20 | D49: 35000 | E49: =C49*D49 -> 700000
A50: 44268 | B50: тигр | C50: 60 | D50: 33500 | E50: =C50*D50 -> 2010000 | F50: 44285 | G50: 4220000
A51: 44268 | B51: микки капишон | C51: 10 | D51: 28000 | E51: =C51*D51 -> 280000 | F51: 44287 | G51: 14338000
F52: 44288 | G52: 350000
A53: 44270 | B53: шим двойка | C53: 40 | D53: 35000 | E53: =C53*D53 -> 1400000 | F53: 44289 | G53: 550000
A54: 44270 | B54: тигр | C54: 90 | D54: 33500 | E54: =C54*D54 -> 3015000 | F54: 44289 | G54: 870000 | H54: молда
A55: 44271 | B55: тигр | C55: 174 | D55: 33500 | E55: =C55*D55 -> 5829000 | F55: 44286 | G55: 650000
A56: 44272 | B56: тигр | C56: 126 | D56: 33500 | E56: =C56*D56 -> 4221000 | F56: 44290 | G56: 11394000
A57: 44272 | B57: шим двойка | C57: 60 | D57: 35000 | E57: =C57*D57 -> 2100000
A58: 44272 | B58: супер куйлак | C58: 48 | D58: 32000 | E58: =C58*D58 -> 1536000 | F58: 44292 | G58: 4500000
A59: 44273 | B59: супер куйлак | C59: 28 | D59: 32000 | E59: =C59*D59 -> 896000 | F59: 44293 | G59: 560000
A60: 44273 | B60: тигр | C60: 74 | D60: 33500 | E60: =C60*D60 -> 2479000 | F60: 44294 | G60: 1200000
A61: 44274 | B61: тигр | C61: 96 | D61: 33500 | E61: =C61*D61 -> 3216000 | F61: 44295 | G61: 1900000
A62: 44274 | B62: супер куйлак | C62: 48 | D62: 32000 | E62: =C62*D62 -> 1536000 | F62: 44296 | G62: 4200000
A63: 44275 | B63: капалак | C63: 38 | D63: 33000 | E63: =C63*D63 -> 1254000 | F63: 44297 | G63: 7816500
A64: 44275 | B64: супер куйлак | C64: 76 | D64: 32000 | E64: =C64*D64 -> 2432000
A65: 44275 | B65: тигр | C65: 138 | D65: 33500 | E65: =C65*D65 -> 4623000 | F65: 44299 | G65: 2400000
A66: 44275 | B66: шим двойка | C66: 114 | D66: 35000 | E66: =C66*D66 -> 3990000 | F66: 44300 | G66: 2020000
F67: 44301 | G67: 3550000
A68: 44277 | B68: айик двойка | C68: 54 | D68: 33000 | E68: =C68*D68 -> 1782000 | F68: 44302 | G68: 445000
A69: 44278 | B69: тигр | C69: 210 | D69: 33500 | E69: =C69*D69 -> 7035000 | F69: 44303 | G69: 3700000
A70: 44279 | B70: тигр | C70: 144 | D70: 33500 | E70: =C70*D70 -> 4824000 | F70: 44304 | G70: 2974500
A71: 44280 | B71: шим двойка | C71: 114 | D71: 35000 | E71: =C71*D71 -> 3990000 | F71: 44304 | G71: 12035000 | H71: возврат
A72: 44281 | B72: айик двойка | C72: 64 | D72: 33000 | E72: =C72*D72 -> 2112000
A73: 44282 | B73: тигр | C73: 510 | D73: 33500 | E73: =C73*D73 -> 17085000 | F73: 44306 | G73: 2600000
F74: 44307 | G74: 2255000
A75: 44284 | B75: тигр | C75: 168 | D75: 33500 | E75: =C75*D75 -> 5628000 | F75: 44308 | G75: 4125000
A76: 44285 | B76: тигр | C76: 336 | D76: 33500 | E76: =C76*D76 -> 11256000 | F76: 44309 | G76: 450000
A77: 44288 | B77: тигр | C77: 210 | D77: 33500 | E77: =C77*D77 -> 7035000 | F77: 44310 | G77: 10830000
A78: 44289 | B78: тигр | C78: 240 | D78: 33500 | E78: =C78*D78 -> 8040000 | F78: 44311 | G78: 771000
F79: 44311 | G79: 457500 | H79: возврат
A80: 44291 | B80: куён тройка | C80: 32 | D80: 35000 | E80: =C80*D80 -> 1120000
A81: 44292 | B81: куён тройка | C81: 50 | D81: 35000 | E81: =C81*D81 -> 1750000
A82: 44292 | B82: горох двойка | C82: 34 | D82: 27000 | E82: =C82*D82 -> 918000
A83: 44293 | B83: шим двойка | C83: 44 | D83: 35000 | E83: =C83*D83 -> 1540000
A84: 44293 | B84: куён тройка | C84: 36 | D84: 35000 | E84: =C84*D84 -> 1260000
A85: 44294 | B85: тигр лайкра | C85: =17*6+4 -> 106 | D85: 30000 | E85: =C85*D85 -> 3180000
A86: 44294 | B86: горох двойка | C86: 2 | D86: 27000 | E86: =C86*D86 -> 54000
A87: 44295 | B87: тигр лайкра | C87: 118 | D87: 30000 | E87: =C87*D87 -> 3540000
A88: 44296 | B88: тигр лайкра | C88: 120 | D88: 30000 | E88: =C88*D88 -> 3600000
A89: 44296 | B89: тоника мушук | C89: 66 | D89: 18500 | E89: =C89*D89 -> 1221000
A91: 44298 | B91: куён тройка | C91: 128 | D91: 35000 | E91: =C91*D91 -> 4480000
A92: 44299 | B92: куён тройка | C92: 74 | D92: 35000 | E92: =C92*D92 -> 2590000
A93: 44299 | B93: тигр лайкра | C93: 24 | D93: 30000 | E93: =C93*D93 -> 720000
A94: 44300 | B94: тигр лайкра | C94: 106 | D94: 30000 | E94: =C94*D94 -> 3180000
A95: 44300 | B95: куён тройка | C95: 20 | D95: 35000 | E95: =C95*D95 -> 700000
A96: 44301 | B96: тигр лайкра | C96: 6 | D96: 30000 | E96: =C96*D96 -> 180000
A97: 44301 | B97: горох двойка | C97: 100 | D97: 27000 | E97: =C97*D97 -> 2700000
A98: 44302 | B98: куён тройка | C98: =62+3 -> 65 | D98: 35000 | E98: =C98*D98 -> 2275000
A99: 44302 | B99: горох двойка | C99: 6 | D99: 27000 | E99: =C99*D99 -> 162000
A100: 44302 | B100: тигр лайкра | C100: 4 | D100: 30000 | E100: =C100*D100 -> 120000
A101: 44303 | B101: тоника мушук | C101: =12*9+3 -> 111 | D101: 18500 | E101: =C101*D101 -> 2053500
...
